,DN_HistogramMode_5,DN_HistogramMode_10,CO_f1ecac,CO_FirstMin_ac,CO_HistogramAMI_even_2_5,CO_trev_1_num,CO_Embed2_Dist_tau_d_expfit_meandiff,IN_AutoMutualInfoStats_40_gaussian_fmmi,MD_hrv_classic_pnn40,FC_LocalSimple_mean1_tauresrat,SB_BinaryStats_diff_longstretch0,FC_LocalSimple_mean3_stderr,SB_BinaryStats_mean_longstretch1,SB_TransitionMatrix_3ac_sumdiagcov,SB_MotifThree_quantile_hh,PD_PeriodicityWang_th0_01,SP_Summaries_welch_rect_area_5_1,SP_Summaries_welch_rect_centroid,DN_OutlierInclude_p_001_mdrmd,DN_OutlierInclude_n_001_mdrmd,SC_FluctAnal_2_rsrangefit_50_1_logi_prop_r1,SC_FluctAnal_2_dfa_50_1_2_logi_prop_r1
DN_HistogramMode_5,1.0,-0.0628,0.1817,0.7151,0.35,-0.502,0.0229,0.5729,0.0543,-0.135,0.4222,-0.3272,0.3149,0.2017,-0.2469,0.3492,0.4685,-0.0983,-0.211,-0.0782,0.4026,0.4519
DN_HistogramMode_10,-0.0628,1.0,0.0456,0.4367,-0.4583,-0.3179,-0.3948,0.3564,0.4208,-0.2402,-0.5576,0.1327,0.0643,0.1883,0.751,0.2656,-0.3755,-0.221,0.1854,-0.1955,-0.174,-0.2795
CO_f1ecac,0.1817,0.0456,1.0,-0.0711,0.6841,-0.0167,0.1096,-0.4951,0.3005,-0.7854,-0.1365,-0.9348,0.681,0.8255,-0.5109,-0.7842,0.773,-0.7701,0.765,-0.6599,0.0779,-0.0762
CO_FirstMin_ac,0.7151,0.4367,-0.0711,1.0,-0.1059,-0.8886,-0.5132,0.7952,0.0313,0.0828,0.1,0.0043,0.1551,0.2029,0.1631,0.6219,0.1013,0.1207,-0.4792,0.1178,0.5143,0.4962
CO_HistogramAMI_even_2_5,0.35,-0.4583,0.6841,-0.1059,1.0,-0.0793,0.5511,-0.2378,0.4042,-0.6764,0.5695,-0.8852,0.703,0.3191,-0.734,-0.6394,0.8964,-0.6896,0.3066,-0.7012,0.2501,0.2805
CO_trev_1_num,-0.502,-0.3179,-0.0167,-0.8886,-0.0793,1.0,0.5285,-0.6377,-0.0622,-0.0327,-0.1732,0.139,-0.3103,-0.2481,0.0476,-0.3871,-0.2709,-0.0508,0.5315,-0.0148,-0.7002,-0.6658
CO_Embed2_Dist_tau_d_expfit_meandiff,0.0229,-0.3948,0.1096,-0.5132,0.5511,0.5285,1.0,-0.1154,0.5596,-0.463,0.5169,-0.287,0.2908,-0.4327,-0.1435,-0.3275,0.2219,-0.5037,0.2907,-0.5866,-0.3224,-0.1521
IN_AutoMutualInfoStats_40_gaussian_fmmi,0.5729,0.3564,-0.4951,0.7952,-0.2378,-0.6377,-0.1154,1.0,0.2129,0.219,0.2879,0.3353,0.0226,-0.4109,0.4304,0.851,-0.2106,0.2245,-0.6689,0.1239,0.3305,0.4509
MD_hrv_classic_pnn40,0.0543,0.4208,0.3005,0.0313,0.4042,-0.0622,0.5596,0.2129,1.0,-0.8061,0.2531,-0.3945,0.4899,-0.0789,0.3068,-0.2138,0.1432,-0.8252,0.3483,-0.8958,-0.2712,-0.2053
FC_LocalSimple_mean1_tauresrat,-0.135,-0.2402,-0.7854,0.0828,-0.6764,-0.0327,-0.463,0.219,-0.8061,1.0,-0.1382,0.7971,-0.6223,-0.4482,0.1068,0.6335,-0.5214,0.9967,-0.7166,0.9645,0.2451,0.2848
SB_BinaryStats_diff_longstretch0,0.4222,-0.5576,-0.1365,0.1,0.5695,-0.1732,0.5169,0.2879,0.2531,-0.1382,1.0,-0.1701,0.0405,-0.3207,-0.3188,0.0691,0.3038,-0.1434,-0.3968,-0.2413,0.0827,0.2854
FC_LocalSimple_mean3_stderr,-0.3272,0.1327,-0.9348,0.0043,-0.8852,0.139,-0.287,0.3353,-0.3945,0.7971,-0.1701,1.0,-0.8081,-0.6627,0.6464,0.7316,-0.9186,0.7947,-0.5703,0.7392,-0.2471,-0.163
SB_BinaryStats_mean_longstretch1,0.3149,0.0643,0.681,0.1551,0.703,-0.3103,0.2908,0.0226,0.4899,-0.6223,0.0405,-0.8081,1.0,0.3293,-0.4518,-0.4337,0.7994,-0.6516,0.3145,-0.6774,0.5313,0.481
SB_TransitionMatrix_3ac_sumdiagcov,0.2017,0.1883,0.8255,0.2029,0.3191,-0.2481,-0.4327,-0.4109,-0.0789,-0.4482,-0.3207,-0.6627,0.3293,1.0,-0.3868,-0.5164,0.5461,-0.4008,0.5382,-0.2392,0.1366,-0.0824
SB_MotifThree_quantile_hh,-0.2469,0.751,-0.5109,0.1631,-0.734,0.0476,-0.1435,0.4304,0.3068,0.1068,-0.3188,0.6464,-0.4518,-0.3868,1.0,0.5477,-0.845,0.1156,-0.0776,0.0845,-0.5294,-0.4964
PD_PeriodicityWang_th0_01,0.3492,0.2656,-0.7842,0.6219,-0.6394,-0.3871,-0.3275,0.851,-0.2138,0.6335,0.0691,0.7316,-0.4337,-0.5164,0.5477,1.0,-0.568,0.6483,-0.756,0.5822,0.156,0.2604
SP_Summaries_welch_rect_area_5_1,0.4685,-0.3755,0.773,0.1013,0.8964,-0.2709,0.2219,-0.2106,0.1432,-0.5214,0.3038,-0.9186,0.7994,0.5461,-0.845,-0.568,1.0,-0.5251,0.2661,-0.496,0.5428,0.491
SP_Summaries_welch_rect_centroid,-0.0983,-0.221,-0.7701,0.1207,-0.6896,-0.0508,-0.5037,0.2245,-0.8252,0.9967,-0.1434,0.7947,-0.6516,-0.4008,0.1156,0.6483,-0.5251,1.0,-0.7078,0.9799,0.2273,0.2595
DN_OutlierInclude_p_001_mdrmd,-0.211,0.1854,0.765,-0.4792,0.3066,0.5315,0.2907,-0.6689,0.3483,-0.7166,-0.3968,-0.5703,0.3145,0.5382,-0.0776,-0.756,0.2661,-0.7078,1.0,-0.5892,-0.4909,-0.6208
DN_OutlierInclude_n_001_mdrmd,-0.0782,-0.1955,-0.6599,0.1178,-0.7012,-0.0148,-0.5866,0.1239,-0.8958,0.9645,-0.2413,0.7392,-0.6774,-0.2392,0.0845,0.5822,-0.496,0.9799,-0.5892,1.0,0.1788,0.1717
SC_FluctAnal_2_rsrangefit_50_1_logi_prop_r1,0.4026,-0.174,0.0779,0.5143,0.2501,-0.7002,-0.3224,0.3305,-0.2712,0.2451,0.0827,-0.2471,0.5313,0.1366,-0.5294,0.156,0.5428,0.2273,-0.4909,0.1788,1.0,0.9651
SC_FluctAnal_2_dfa_50_1_2_logi_prop_r1,0.4519,-0.2795,-0.0762,0.4962,0.2805,-0.6658,-0.1521,0.4509,-0.2053,0.2848,0.2854,-0.163,0.481,-0.0824,-0.4964,0.2604,0.491,0.2595,-0.6208,0.1717,0.9651,1.0
