source,target,weight
UC-HeUTT6_g-VoiWds2a4H-w,6W4u8sGEnGM,1
UC-Iul5tDYH_oiAMXQH-KaaQ,6W4u8sGEnGM,1
UC-QOpE7GOxlXcHZ8b7HbQKA,OkXlHx0hx-8,2
UC-fiZBS5Gp1eCJd9ucgWnCg,j43HgwYFKfk,1
UC-hfX8J5JPJ-dfuakzegMLA,n8iP75gIpmw,1
UC-jS_kA9w-OmpupXDx156Rg,n8iP75gIpmw,1
UC-pNP6RMFuLg_-x7Ah_0kEA,n8iP75gIpmw,1
UC094EFEmMSdwVa8NQjjYBXg,b_Hkrkl3adA,1
UC0HvfEWozTHbwl_iEmJNvVA,6W4u8sGEnGM,1
UC0RpuMwkDKJYqgKHtsJRuWQ,lj983NWyAQY,1
UC0aEyakBPqcBkVJiErfSupQ,lj983NWyAQY,1
UC14qlobYKqD-DO0j6b75lcA,6W4u8sGEnGM,1
UC1DpqK6vaPEkBOMNvypsKYg,j43HgwYFKfk,1
UC1NiEdJ7gk6FlDexIalWnGg,6W4u8sGEnGM,1
UC1WlJfQmaIskYhP4gmWoamw,OkXlHx0hx-8,1
UC1Y7x3h0c95Z8kUhi-Tzaeg,PjmxCj-a9Hg,1
UC1vr9aaMI2crB0NvwFHUeoQ,n8iP75gIpmw,1
UC2Y_EHWQKevubk4vOEBBFxw,n8iP75gIpmw,1
UC2ngpd8UBQu4gcUYy0goAtg,06mFNPU0aB8,1
UC2weSE8rpqkGMOp6StYtVfg,n8iP75gIpmw,1
UC32oozucwCF3q8d4m8fyOUg,j43HgwYFKfk,1
UC3E9mAgP7VoAE5mZoAexl5g,n8iP75gIpmw,1
UC3MYTqpQqlWBuCB7Th0e0PA,n8iP75gIpmw,1
UC3NMzdMYryaw82kPTnsaljg,n8iP75gIpmw,1
UC3UVO7pTbeYvZ3ILEyRDskQ,j43HgwYFKfk,1
UC3XTwHxygNCgjndsg-UiCQA,n8iP75gIpmw,3
UC3YpzAr7pcdKC7BVFEpYzog,6W4u8sGEnGM,1
UC3iIU62XKUOWuqL8BqBzj9A,b_Hkrkl3adA,1
UC3qn1yJA5PeW9rkGPatQxiw,n8iP75gIpmw,1
UC4Avya4kmR4Q0FrfFdBozSQ,j43HgwYFKfk,1
UC4cXueR2bKGFJV0Fk76gwmA,n8iP75gIpmw,1
UC4kg7zuTfqQKLd2bkZrSYBA,is3Mk5oC19g,1
UC4wq3DcbfaG6dtCqn8Oyu3w,n8iP75gIpmw,1
UC5H8ASmMC9WrURmzeB4ySog,n8iP75gIpmw,5
UC5PrBbmUlQolwqmiru7yZhw,b_Hkrkl3adA,1
UC5PyGvSfFM--OVKmQ3COu6g,lj983NWyAQY,1
UC5bG9nc_JV3FsNP2KseQiYw,n8iP75gIpmw,1
UC5fvhAfm89JH8eDFdvc0xYw,lj983NWyAQY,1
UC5hvEnRUzI4Kfvwnyi4QxqQ,j43HgwYFKfk,1
UC5wuDq3U3vRAhOQI3D7gNdw,ndAZjHqzzT8,1
UC63tFvbQ_hJhGDi2nbjssjw,6W4u8sGEnGM,1
UC650pRT-OYzny3GwOH8Cgfw,n8iP75gIpmw,1
UC6PvO1_k5lHKGdAPo5_C6TA,n8iP75gIpmw,1
UC6Uj1FT5JjDSF8vudvDxPAA,j43HgwYFKfk,1
UC6YSZqL0vEcI-niPKIMUGfw,n8iP75gIpmw,1
UC6xI_MOaxajIWpoP8BH6E_Q,s0eco-BofOs,1
UC72gBAtyb_VXQlYDcFrh6oQ,n8iP75gIpmw,3
UC7IMsCxfZyWN7YQo8-JYa6Q,PjmxCj-a9Hg,2
UC7VUuJr9cGh845CmTvf7TlQ,n8iP75gIpmw,1
UC7dadZG7kkGYnsNu6td0FbA,j43HgwYFKfk,1
UC816IGbFCZinfYS1LRDaaHg,j43HgwYFKfk,1
UC8F2V63KZ4ZEay6opX2hAQw,n8iP75gIpmw,1
UC8G5cJONY8L9voMyBW8Eoug,n8iP75gIpmw,1
UC8r11yOugM2NuRfitQOxLLg,n8iP75gIpmw,1
UC8xlJWNHz1V_W6q3fbuQH8g,PjmxCj-a9Hg,1
UC95PSMouTx2N5CbSq0hIyrQ,j43HgwYFKfk,1
UC9Wp6vL5oCU37qC3Aj94WZA,b_Hkrkl3adA,1
UC9vMq1YF-e7C-VO0SHkbUTA,n8iP75gIpmw,4
UC9xr9QvIcDvoZNUX5f-jaZw,n8iP75gIpmw,1
UCA93ym2TXs_Ibyxb4Vcn-6Q,n8iP75gIpmw,1
UCAKuKvcbfnBD3kF5njNu-IA,j43HgwYFKfk,1
UCAV7QIjYhbDJaycQycM_0eQ,PjmxCj-a9Hg,1
UCAlzM_N6xBlMYmM8EBzX86Q,n8iP75gIpmw,1
UCAmtbUiIrUIhikru0ZoTFig,n8iP75gIpmw,1
UCAxvOOHQk7dYPOajzFEVtbA,06mFNPU0aB8,2
UCB5p8a5gklc80jJItP6xTHg,n8iP75gIpmw,1
UCBlm80VQ4YoV3bUJR_XhkaQ,OkXlHx0hx-8,2
UCBtB5dIyx-C16UN8ClUD2UA,is3Mk5oC19g,1
UCCBYcToQ2dwkd6TJh0FSyDg,j43HgwYFKfk,1
UCCUmP4PlbwgikVFpYwbtRTg,yLZS3JiEBg8,1
UCCaYwkkbQGcvFoUmothVdQQ,n8iP75gIpmw,1
UCDIMztpVm7G27qBuiWuT6oQ,n8iP75gIpmw,1
UCDPWkUX3sNNaCx-m1dV4glA,n8iP75gIpmw,1
UCDQaQv0hr2SS_PO-CMEwVHg,n8iP75gIpmw,1
UCDUffaruH6dyUnUGwsTKpgg,n8iP75gIpmw,1
UCDftMWXQoJ6nONfY7GVOVjg,n8iP75gIpmw,1
UCDlr1VadSucIZgZ171pRBjQ,n8iP75gIpmw,1
UCDrmf9y9nLgFY5wnA2hTuGA,j43HgwYFKfk,1
UCEHXl4VvvVpq-_4xC5tsbhg,6W4u8sGEnGM,1
UCEgEQmRbtL5fwr9_DqAC--g,n8iP75gIpmw,1
UCErZPJpHmLCsXs8ZWkAUupQ,n8iP75gIpmw,1
UCFFrEmn6lPYiWyElpfzTy5Q,is3Mk5oC19g,1
UCFOxCyF926Y9eHhMeVoWLzw,lj983NWyAQY,1
UCFUuDARXdmmIrLppEqf-rFg,n8iP75gIpmw,1
UCFhxtoeARHPnXXPcDrOU3Xg,n8iP75gIpmw,1
UCFjudnPLoaSL1BaRuLahyHg,n8iP75gIpmw,3
UCFoIAE8k82D6AV-8gjjKaNg,n8iP75gIpmw,1
UCFxE8GbokBrBsPEKM1xrOjQ,n8iP75gIpmw,1
UCFybmWapGvBKcQod7cPPH9w,6W4u8sGEnGM,1
UCGGHbtfbbe0o68etrOf0qxw,j43HgwYFKfk,1
UCGX_UbAQOXGZknv5iqklwTA,PjmxCj-a9Hg,1
UCGZMgmM92E3njyXNe9-kjAQ,OkXlHx0hx-8,1
UCGj2v6Gl5bN8NSrzJMXS-CA,WIUZtitfLRw,1
UCGm3gRBEHGRJYmtCryZLtDw,b_Hkrkl3adA,1
UCGqKxQS-z3NZzZF-2w338AA,lj983NWyAQY,1
UCGzXwyCzMzGmjmCbH3Hg01Q,n8iP75gIpmw,1
UCHGd14aYuZZShLD73dkk6mg,JkpVO1hx2f8,1
UCHMQ_lDhibZ-XZ_3fo6oxwg,lj983NWyAQY,1
UCHTGCgY2l-DQJIvlA_cpa_Q,PjmxCj-a9Hg,1
UCHTGCgY2l-DQJIvlA_cpa_Q,n8iP75gIpmw,2
UCHbwIx9pmQuf7i-4_xO2EpA,j43HgwYFKfk,1
UCHhHUjaMAZ8SiXdCUCj9DkQ,n8iP75gIpmw,2
UCHu8x4MVkayU6VgwVKd--MQ,b_Hkrkl3adA,1
UCIUhbSCy3-SGRe5UtqM4fzQ,lj983NWyAQY,1
UCIXLDYqR_syskKRJy_x9W9Q,06mFNPU0aB8,1
UCIgoiXdIKJyUGmUoH2Lxdzg,OkXlHx0hx-8,1
UCIp19h9igblA2YKfSLPDAug,lj983NWyAQY,1
UCJp3OrVYcBorC94sKwdch_A,ndAZjHqzzT8,1
UCJxJC56BSAX-ArD0NAb9qnQ,3Nfp9h5avBI,1
UCKDR0f2fu2UzWL8mBv5-BHw,n8iP75gIpmw,1
UCKVzDUqbtdSMBcexaEtMmzQ,TT4qJ5FXHYE,1
UCL13XhnRzbGokEkCkEOb0-g,n8iP75gIpmw,2
UCL1MT278vSaQ83ZDkVWn1gw,n8iP75gIpmw,1
UCLFdHr9BEbXHkoJopbEPLZw,n8iP75gIpmw,2
UCLXYp1Cvc5DLtq5UQL5D9vw,06mFNPU0aB8,1
UCLggDc_a5HriXv7I1h02sOA,n8iP75gIpmw,2
UCLh1Kde4_vI1sTZBkTNP7RQ,is3Mk5oC19g,1
UCN2N_wYOw6fMwCeSzdXLPIw,PjmxCj-a9Hg,1
UCN6qbfPSzFtjhqUDZ3Cv3CQ,n8iP75gIpmw,1
UCNBnKqWf4d-rS4HwJRQljmQ,n8iP75gIpmw,2
UCNIeXbV_mEwpa412h1aqUWw,PjmxCj-a9Hg,3
UCNiMNUJvaRJb0_QLClqwVnA,TT4qJ5FXHYE,1
UCNkcuy42zEwddwEcOd_HpnA,n8iP75gIpmw,1
UCNpt5CQlTzNjlAKY6CJtClQ,j43HgwYFKfk,1
UCO0zwwLWGyDgQmWPJ5Qrr1w,06mFNPU0aB8,1
UCOARn3hnfkB7-_Rwa8Hoqcw,WIUZtitfLRw,1
UCOLGv5Pf6BF2wFcwUzgcvHg,n8iP75gIpmw,2
UCOLHH4ZpMxPYF-Q6e6wvn5A,OkXlHx0hx-8,1
UCOS8ViEkccrTZx2w2ccxotA,n8iP75gIpmw,1
UCOY3XpD9qMCRSA8AA8c4CAw,yLZS3JiEBg8,1
UCOcUI5XkTYNMSFhZNMIPpGg,j43HgwYFKfk,1
UCOh6DaZC_x9HASnlRylEMfw,n8iP75gIpmw,1
UCPLW0HE3siElqCgXfgWxMqg,X_FAIef8qlE,1
UCPNXmbOBVeC4HS-xemvcPtQ,OkXlHx0hx-8,1
UCPZueDLrCS4BmTBRMA4q0fA,PjmxCj-a9Hg,1
UCQIdKuZ-OzuFqy0KjGrgesg,JkpVO1hx2f8,1
UCQM2tCKRRytVDRxNUfCDqQQ,zweosulrwA8,1
UCQMMuADgqWUOcJpLwHOzC-g,OkXlHx0hx-8,1
UCQ_-LPP8JAbfkc-b1Q6NvWw,n8iP75gIpmw,2
UCQgYjVngJRfPHDLGB5X6ZjA,n8iP75gIpmw,1
UCQqetiwzzmRNTM5OWuXarGQ,n8iP75gIpmw,1
UCQqlPPUGqAfWjd-FSh_qn7Q,j43HgwYFKfk,1
UCQtICyzWmhC5woCtbNgaSmg,n8iP75gIpmw,2
UCQtSFINs1h6GHkpg9o5kMvg,n8iP75gIpmw,1
UCQyOePccUP-fIJYzchAgZYw,j43HgwYFKfk,1
UCRAquv8el-tQ30bN7MlmySQ,j43HgwYFKfk,1
UCRETAiYdh2dL5ZxB0_N1zDA,n8iP75gIpmw,1
UCRcSR3Lvn9DZAmJpVPANfZQ,lj983NWyAQY,1
UCRelkU8JiZBytTzebJxaa-w,n8iP75gIpmw,1
UCRfkkatKrNtAARnXMMYBGlA,6W4u8sGEnGM,1
UCRlCV9zSn7avAWh-9_XFWqQ,n8iP75gIpmw,1
UCRvPToDkkumha7WJAfCDk1A,j43HgwYFKfk,1
UCRznz9-N3Qc1w-qNdLSIY2Q,lj983NWyAQY,1
UCSTAUWVc1_82DHYeqOsqEFA,lj983NWyAQY,1
UCSou6a2OuYGSvPjm5psquyA,n8iP75gIpmw,1
UCTD6q1nyIe3Y7HhqjaMj72w,n8iP75gIpmw,1
UCTP3O0rMnc8z8v8jaDQwL0w,n8iP75gIpmw,1
UCTTILH6QCIxbTnEWxwRqs1g,yLZS3JiEBg8,1
UCThW2XNsAaBKme5PUt7n-Zg,n8iP75gIpmw,1
UCTwSut16JyAg3mX6LVUNGqA,n8iP75gIpmw,1
UCTylKrsqkrBKIqubMu_5N0Q,n8iP75gIpmw,1
UCUIIIPTVDVHAXqhC_5V6lPA,n8iP75gIpmw,1
UCUoYsrx1oZnCZ0usbBJn4fA,j43HgwYFKfk,1
UCV0iizTBoOfdAFX_thfI9BA,n8iP75gIpmw,1
UCV0lM03g5fg5pbPj97-sAtA,j43HgwYFKfk,1
UCV3fr-YOixFKCZBbJP1-X4w,6W4u8sGEnGM,5
UCVC2QugcI1G4RvlCiUqd1aQ,ndAZjHqzzT8,2
UCVQf0tzL7xRzFJsABVVULpg,PjmxCj-a9Hg,1
UCVdjCrh4tQoX3haNAZv-n5A,OkXlHx0hx-8,1
UCVhif9eV0f8plICen2DnpKA,WIUZtitfLRw,1
UCW-JC6lebVmf2P1dmY_L94g,j43HgwYFKfk,1
UCW80DaMjQlEUibC98Cot-Dg,j43HgwYFKfk,1
UCWIZUtKJ636y-4TYrNvok0g,n8iP75gIpmw,1
UCWWkebAekppaL5b5CNlppuw,JkpVO1hx2f8,1
UCWaRixDdpgllTBf4V0jPnKQ,6W4u8sGEnGM,2
UCWoAVGVqCn4xtINCMOTM4jg,j43HgwYFKfk,1
UCWvntqPQx99k_Z_skWKqNSA,6W4u8sGEnGM,1
UCXN2s7DwTJm33xO-pNkAdaA,06mFNPU0aB8,1
UCXO1BBohNWXkK9SBDAG2ySg,yLZS3JiEBg8,1
UCXSkL3ejZ8qWYyF_M7s_QKA,n8iP75gIpmw,1
UCXVLc8CmAO813ubM-fLvCDw,yLZS3JiEBg8,1
UCXXh7yg5KUFIWylTiKVEFKQ,n8iP75gIpmw,2
UCXgr7vXlRrsaskPdo097kGA,n8iP75gIpmw,1
UCXl30Y_upRqbti52fmjK4YA,yLZS3JiEBg8,1
UCXmrpc6Li0spcKxtS0Q_ptg,lj983NWyAQY,1
UCXr8_5WtGeipe4haOoQDgyQ,n8iP75gIpmw,1
UCY7Hq7F9Lnucf-Yr6JkHZNw,lj983NWyAQY,1
UCYN4wSQ1Sx4_LurxLlW7MPg,n8iP75gIpmw,1
UCYwpX26TrCxq8TvbKGRYLXA,n8iP75gIpmw,1
UCZ51R_9Q9C0c8I3pAWhtmjQ,n8iP75gIpmw,1
UCZFQwqh90apuL8eFhvRBkUg,6W4u8sGEnGM,1
UCZIQnb1fkwe39Iw2TAu-bGA,WIUZtitfLRw,1
UCZLG9qH0tUjNhEGFIUt0CYw,n8iP75gIpmw,1
UCZOmq6MwFDVoCaEl99BRRaw,ndAZjHqzzT8,1
UCZeIIQrGAedW8tCbKWmGY-A,j43HgwYFKfk,1
UCZjm6U576nX8WOiLhmMR3bw,OkXlHx0hx-8,1
UC_3xuTXvMIWU5MYP9HkJ3vQ,06mFNPU0aB8,1
UC_6KbBY1bsYXz9fwFS0eQRg,ndAZjHqzzT8,1
UC_LYoGs5C3mbZKZuKuqYCvw,j43HgwYFKfk,1
UC_NRVt2UP88ZNTwzrZ66JSg,UhL9y3KUl8E,1
UC_ljZ1hZXR9pzexFz87P5ZA,lj983NWyAQY,1
UCa36MjQLoPAmgJo-R3G8WQA,6W4u8sGEnGM,1
UCaKAjTW9MVub_clgr4DRYjQ,j43HgwYFKfk,1
UCaT4saRcyqCLE657Rq2hhZQ,6W4u8sGEnGM,1
UCaT6M2zp7X6r6Whd8Vv3kHQ,lj983NWyAQY,1
UCat2qkYvqmtDNEmo2PVuhXw,OkXlHx0hx-8,1
UCbNanjFI51cwGqMAb2rOrBw,OkXlHx0hx-8,1
UCbYoNG5J3Au5BqtbXogfEFw,PjmxCj-a9Hg,1
UCbrtvygfRT6QXqWDNrOf-cA,ndAZjHqzzT8,1
UCbrtvygfRT6QXqWDNrOf-cA,yLZS3JiEBg8,1
UCcFIBN-rtC3d3hXeuN5TfWw,yLZS3JiEBg8,1
UCc_F88PzGWtA1OPNUEASulA,yLZS3JiEBg8,1
UCcfdg8crmMJwEuLUsAhV7yg,n8iP75gIpmw,1
UCdFlugHJJa4l3YqWuNRmvXw,is3Mk5oC19g,1
UCdFlugHJJa4l3YqWuNRmvXw,j43HgwYFKfk,1
UCdQAuWwyC99MB7Y02Umj26Q,yLZS3JiEBg8,1
UCe8JZoYkX5oKUZyivHYdXhw,j43HgwYFKfk,1
UCeDNEtI8_a42bZ47wJiJMwQ,j43HgwYFKfk,1
UCeQk-WfEA-cJRq4EKeE7TOw,6W4u8sGEnGM,1
UCefAH1MbvADWUjE9WVcB9EQ,yLZS3JiEBg8,1
UCf5lnNZF7Qrtli9v4N_23WQ,PjmxCj-a9Hg,1
UCfM3nrxtTQMY5jFx1v1J4Gg,n8iP75gIpmw,1
UCfRqgt2O-vjzUDMZY_tnxQw,is3Mk5oC19g,1
UCfXykdbSU97rj987LDUGfvg,06mFNPU0aB8,1
UCfjhejO7LZy4doXURa7LZCQ,06mFNPU0aB8,1
UCfo_yUPzy1f1POwwZxhZ06Q,6W4u8sGEnGM,1
UCg3eIfd7BrsLEqS0BLkftHA,PjmxCj-a9Hg,3
UCgGqw4aqMdMVSGkKiMgrJRQ,6W4u8sGEnGM,1
UCgJNFj5dnxXpcMvmuhZDPxA,j43HgwYFKfk,1
UCgLrWFdYitoP-b7-PxtUr-w,lj983NWyAQY,1
UCgLurCo-e019HGODcjXHWCw,lj983NWyAQY,1
UCgQJgI9vu1FI2dnC9mrFthw,PjmxCj-a9Hg,1
UCgQw_Sbq3ugruDUKsq1e0-A,j43HgwYFKfk,1
UCgvw7xIdGFupzpt1Y_BFkEA,n8iP75gIpmw,1
UCh5ESQvtzyHDhCA7XyekCFA,n8iP75gIpmw,3
UChT7pzGytNd92Nmvi-zuWog,yLZS3JiEBg8,1
UChZknRmJkeGeQk0-mQuhDOg,n8iP75gIpmw,1
UCheEJ5GZuIvV0fj-nXyVwXw,6W4u8sGEnGM,1
UChep9kVb5gQmpodEEl10Xlg,n8iP75gIpmw,1
UChgkn5Jt5tWKYMoEOuCjz3Q,n8iP75gIpmw,1
UChs3tU2BcKOT0CezykvAsGw,n8iP75gIpmw,3
UChyps3dqY-VY1_wLeq-2lhw,6W4u8sGEnGM,1
UCi-vPdnpQreC7BkFs40mJGA,lj983NWyAQY,1
UCi1b_TRQfgO1Z9O2gNGGWNA,n8iP75gIpmw,2
UCi2KiZq63sRq8Mfbcp-MelQ,OkXlHx0hx-8,6
UCiC-Jn7wdgyQV4_Urk0DkWQ,j43HgwYFKfk,1
UCiGRBf2RNF0WRKhRVT7zFoA,n8iP75gIpmw,1
UCiMythXHsw7eQEMykCdmMUA,n8iP75gIpmw,1
UCiOZX__1gahg1ypIj0_XG_w,6W4u8sGEnGM,1
UCipetjeiWj4CZB6EbyYziZg,n8iP75gIpmw,1
UCj-LL25XJnjxepPKCc3NGog,n8iP75gIpmw,1
UCjJf-AJKRFFWtiN-CSwkDmA,ndAZjHqzzT8,1
UCjSKM9j0Q7HLDr1hD6D-TUw,n8iP75gIpmw,1
UCjZgFEowMBrsjodqfovzdKw,06mFNPU0aB8,1
UCjZgFEowMBrsjodqfovzdKw,6W4u8sGEnGM,1
UCjmPuazZJzscrwvk0QR9RVw,n8iP75gIpmw,1
UCk4O-J1BhoqPmig1KLGJePA,is3Mk5oC19g,1
UCkVtmkK07b2zaVVNssX4lOg,j43HgwYFKfk,1
UCkbsS_3D-pvg1iHOld9uvIg,j43HgwYFKfk,1
UCkd9W714-947dEE6ZOEBATA,n8iP75gIpmw,2
UCkxdJ_yGN2gghOMo2ybQtXQ,yLZS3JiEBg8,1
UCl0ekS9Tt0jJGtOEM18S63w,n8iP75gIpmw,1
UCld2stqxaVSk0QdGncM224A,TT4qJ5FXHYE,1
UClhMWQ7XKWywYvbRnuf8QsA,j43HgwYFKfk,1
UCljDbleJul41G1TzOjOZAVA,n8iP75gIpmw,1
UClqA491Xa5fQcXcJJa-vTWw,j43HgwYFKfk,1
UClsrFGJKWPxxw7MiaEdKLXw,PjmxCj-a9Hg,1
UCmjppp6ujz3SAnULvP3sZMw,n8iP75gIpmw,1
UCmvOgzmmXbjUthHy-WJ52hQ,n8iP75gIpmw,1
UCnU8wO1OurAmGstDw6VGjgQ,ndAZjHqzzT8,1
UCoGdCoJg2Lh0OX_jv6cG16g,6W4u8sGEnGM,2
UColMq7LmaoY3MT6aIDGrGvA,j43HgwYFKfk,1
UCozFYHN0e_-vlQbX3wQGOug,OkXlHx0hx-8,1
UCp29O_C7cchZV8IxV7Crdag,6W4u8sGEnGM,2
UCp4iw5_5SmV9VGTFSNVGOmQ,n8iP75gIpmw,1
UCpIdtvoFHVLGASGB5ySqIEA,n8iP75gIpmw,1
UCp_dAUfv8i3LW3zWc24dLaQ,OkXlHx0hx-8,1
UCpe5jW3MIqkgTJ-PgkzvM6Q,j43HgwYFKfk,1
UCpl8rF8uv_8uui-QRvuJaRA,n8iP75gIpmw,1
UCplrIQtaPj6au60_f2-mOYw,n8iP75gIpmw,1
UCpsKOkt5iWTbenzeuq7dsmQ,j43HgwYFKfk,1
UCpsKOkt5iWTbenzeuq7dsmQ,n8iP75gIpmw,1
UCpsKOkt5iWTbenzeuq7dsmQ,ndAZjHqzzT8,1
UCq3mDTTRZnUybct5M9OSXbg,06mFNPU0aB8,1
UCqCrvuoJpC-aVb0f4logQRQ,j43HgwYFKfk,1
UCqilIa8r7iek5sGYg_q6ofA,lj983NWyAQY,1
UCql1n3Ey6ULMSOACjMe-fxQ,6W4u8sGEnGM,1
UCr1emrogPKkKTs_WTtx71xg,n8iP75gIpmw,1
UCrJn_rbo_ENAdeqneS-RmRw,n8iP75gIpmw,2
UCrqXyRsg-_hTosURZ-uvoKg,OkXlHx0hx-8,1
UCsGoJEvb-cFPZ2rWoJcXzEQ,j43HgwYFKfk,1
UCsJJAvrVGupdmhOqgtDp8dg,n8iP75gIpmw,1
UCsSXdJct-nsS8DsABoEsaYA,n8iP75gIpmw,1
UCsUCN0Yq_UyTvKjOJLmNrnQ,b_Hkrkl3adA,1
UCsUCN0Yq_UyTvKjOJLmNrnQ,n8iP75gIpmw,1
UCs_5qeqdku9tGAq22y3OcuQ,lj983NWyAQY,1
UCsjs5Hp_r86x1xbK6FAeqaA,n8iP75gIpmw,1
UCtCtts20bW6F9CSohau51Iw,6W4u8sGEnGM,2
UCtMBF_1O2jY2INlb_luuB_A,lj983NWyAQY,1
UCtNfIBnc5S5DbbQj_yxgJTw,n8iP75gIpmw,1
UCtNyHmRZtvGF2hSvI2dUBWw,PjmxCj-a9Hg,2
UCtUR3_CAiE7fCoZHM6cMfyQ,n8iP75gIpmw,1
UCtiHFjFu7d5v2XxHnKFUYig,OkXlHx0hx-8,1
UCtowGNY2lnlg6O2CkwDgkLg,TT4qJ5FXHYE,1
UCtsxPYw8VUsH_FfnKg-0lmw,6W4u8sGEnGM,1
UCu8_3-Wg-YzNyvHYQDEscfw,j43HgwYFKfk,1
UCuP4UK33HKtJE_S39ksmaTw,PjmxCj-a9Hg,1
UCuXmOjxC-htcprLgeVXz6Tg,j43HgwYFKfk,1
UCueV9cTyTDwgQSec1x2dYgA,n8iP75gIpmw,1
UCujPF2nBgsTD62nWE3lcpIg,n8iP75gIpmw,1
UCusjriFsDHEc2AOjqk-p5ig,PjmxCj-a9Hg,1
UCut6b9S98nv84cVX89PmKzA,n8iP75gIpmw,2
UCvApqeCbLod-wejtT4CcVuA,n8iP75gIpmw,1
UCvDwJBBY1mHK70aTEYl6rsA,6W4u8sGEnGM,1
UCvcu1kR8xMYy_I1Ty-2mV2Q,WIUZtitfLRw,1
UCvcu1kR8xMYy_I1Ty-2mV2Q,ndAZjHqzzT8,2
UCvcu1kR8xMYy_I1Ty-2mV2Q,yLZS3JiEBg8,1
UCvl1tzQeBeGy6efPTRJXSCw,06mFNPU0aB8,1
UCwCfs-2zbD5k0lG-UVg_JBw,06mFNPU0aB8,1
UCwEe1RKlEv1UpNWmWYfSh4w,yLZS3JiEBg8,1
UCwO2SXr0ggzwg6QWWrr01nQ,n8iP75gIpmw,1
UCwUAv3_LpWVtTIi7lkmTL7A,lj983NWyAQY,1
UCwW2OFy95P7ZBkOPxWkpvYg,n8iP75gIpmw,2
UCwgCc9Jd_gG-uLE_SY-FfPg,j43HgwYFKfk,1
UCwha8rxULYMVtNwZWeSkE1A,n8iP75gIpmw,1
UCwjUvRseNtJoItylIyIez7Q,j43HgwYFKfk,1
UCwxoKK59nGCeBqB2sXfDBIw,6W4u8sGEnGM,1
UCxKR3RA8T-kxMgq_2WWhRcQ,lj983NWyAQY,1
UCxcoDvP-g2_KTZDmVZtvb3w,yLZS3JiEBg8,1
UCxff05WuyvwELNITi7bj7UA,n8iP75gIpmw,1
UCxhtlxPV8AYWaNNyU6S9H8Q,OkXlHx0hx-8,1
UCyJhqmMbsvjpoarBBStA2kg,6W4u8sGEnGM,6
UCySYJU5kUh7X8gVt9la2ISA,n8iP75gIpmw,1
UCyW68EGZey4ao_Vf2cR5Ztg,WIUZtitfLRw,1
UCylqlpsh8ENNM1LqgQ1KbxA,j43HgwYFKfk,2
UCylqlpsh8ENNM1LqgQ1KbxA,n8iP75gIpmw,1
UCyor0Mmm0ivLX2jIdyGp84Q,3Nfp9h5avBI,1
UCyzf29IYjNw67gGIfsjgtxA,lj983NWyAQY,1
UCz3gu01bmjNv0DpRq-K3XYg,n8iP75gIpmw,2
UCzSfZlOVxBSs5ObD25ywxDQ,n8iP75gIpmw,1
UCzZ6dDCEsLMXbc5pCFXIprw,6W4u8sGEnGM,1
UCzZ6dDCEsLMXbc5pCFXIprw,PjmxCj-a9Hg,1
UCzoL2l5H5eVlorWGH8AZfAg,n8iP75gIpmw,1
