author_channel_id,author_name,author_handle,n_comentarios,n_videos,componente,grado_bip,grado_A,fuerza_A,intermediacion_A,cercania_A,pagerank_A,vector_propio_A,comunidad
UCHTGCgY2l-DQJIvlA_cpa_Q,@virgiliogarcia3039,virgiliogarcia3039,3,2,1,2,145,145,0.23901858463791997,0.6221719457013575,0.005243132694827842,0.08846481571734052,1
UCpsKOkt5iWTbenzeuq7dsmQ,@inge_vergueta,inge_vergueta,3,3,1,3,183,184,0.22027831181909732,0.6516587677725119,0.00733003416017253,0.08992132562876522,3
UCzZ6dDCEsLMXbc5pCFXIprw,@josegil3813,josegil3813,2,2,1,2,49,49,0.18266044127071318,0.44861337683523655,0.0050979354025684495,0.0008059875160367005,2
UCylqlpsh8ENNM1LqgQ1KbxA,@Jel.Awesh.M,jel.awesh.m,3,2,1,2,174,175,0.09364643412981781,0.6111111111111112,0.005727961087341258,0.0898685118419836,3
UCjZgFEowMBrsjodqfovzdKw,@franciscoflores3120,franciscoflores3120,2,2,1,2,43,43,0.05778632243889041,0.33013205282112845,0.005323075459191375,8.312799489769429e-06,2
UCvcu1kR8xMYy_I1Ty-2mV2Q,@hashojea7348,hashojea7348,4,3,1,3,28,29,0.05740181268882175,0.4230769230769231,0.006193584266399186,0.0007632003549178784,4
UCbrtvygfRT6QXqWDNrOf-cA,@Alejandro00710,alejandro00710,2,2,1,2,23,24,0.03268332875583631,0.4198473282442748,0.004537389467839012,0.0007629599953764415,4
UCsUCN0Yq_UyTvKjOJLmNrnQ,@moisesvaldez4043,moisesvaldez4043,2,2,1,2,133,133,0.029552320790991488,0.5533199195171026,0.004680699718536436,0.08838571292971148,1
UCdFlugHJJa4l3YqWuNRmvXw,@MarcosCarillo-b1r,marcoscarillo-b1r,2,2,1,2,54,54,0.029552320790991488,0.4317111459968603,0.00441635368868181,0.002219488049971567,3
UC-hfX8J5JPJ-dfuakzegMLA,@normaleticiaorozcojuarez2418,normaleticiaorozcojuarez2418,1,1,1,1,127,127,0.0,0.5467196819085487,0.003268711512314818,0.08835177314221064,1
UC-jS_kA9w-OmpupXDx156Rg,@simoncreyesc7579,simoncreyesc7579,1,1,1,1,127,127,0.0,0.5467196819085487,0.003268711512314818,0.08835177314221061,1
UC-pNP6RMFuLg_-x7Ah_0kEA,@almacatalan2717,almacatalan2717,1,1,1,1,127,127,0.0,0.5467196819085487,0.003268711512314818,0.08835177314221064,1
UC1vr9aaMI2crB0NvwFHUeoQ,@JoseSimilox-p6e,josesimilox-p6e,1,1,1,1,127,127,0.0,0.5467196819085487,0.003268711512314818,0.08835177314221063,1
UC2Y_EHWQKevubk4vOEBBFxw,@alfonsomorales2653,alfonsomorales2653,1,1,1,1,127,127,0.0,0.5467196819085487,0.003268711512314818,0.08835177314221061,1
UC2weSE8rpqkGMOp6StYtVfg,@katerynsantiago2907,katerynsantiago2907,1,1,1,1,127,127,0.0,0.5467196819085487,0.003268711512314818,0.08835177314221063,1
UC3E9mAgP7VoAE5mZoAexl5g,@EnnioAroche,ennioaroche,1,1,1,1,127,127,0.0,0.5467196819085487,0.003268711512314818,0.08835177314221063,1
UC3MYTqpQqlWBuCB7Th0e0PA,@isaaclopez7220,isaaclopez7220,1,1,1,1,127,127,0.0,0.5467196819085487,0.003268711512314818,0.08835177314221059,1
UC3NMzdMYryaw82kPTnsaljg,@marisosa7832,marisosa7832,1,1,1,1,127,127,0.0,0.5467196819085487,0.003268711512314818,0.08835177314221059,1
UC3XTwHxygNCgjndsg-UiCQA,@marioajset4283,marioajset4283,3,1,1,1,127,127,0.0,0.5467196819085487,0.003268711512314818,0.08835177314221061,1
UC3qn1yJA5PeW9rkGPatQxiw,@VICTOREST19,victorest19,1,1,1,1,127,127,0.0,0.5467196819085487,0.003268711512314818,0.08835177314221065,1
UC4cXueR2bKGFJV0Fk76gwmA,@aluxdel4792,aluxdel4792,1,1,1,1,127,127,0.0,0.5467196819085487,0.003268711512314818,0.08835177314221059,1
UC4wq3DcbfaG6dtCqn8Oyu3w,@hugoasencio7764,hugoasencio7764,1,1,1,1,127,127,0.0,0.5467196819085487,0.003268711512314818,0.08835177314221057,1
UC5H8ASmMC9WrURmzeB4ySog,@ManuelEdran,manueledran,5,1,1,1,127,127,0.0,0.5467196819085487,0.003268711512314818,0.08835177314221064,1
UC5bG9nc_JV3FsNP2KseQiYw,@giovannirodas4836,giovannirodas4836,1,1,1,1,127,127,0.0,0.5467196819085487,0.003268711512314818,0.08835177314221063,1
UC650pRT-OYzny3GwOH8Cgfw,@edvinparedesherrera7632,edvinparedesherrera7632,1,1,1,1,127,127,0.0,0.5467196819085487,0.003268711512314818,0.0883517731422106,1
UC6PvO1_k5lHKGdAPo5_C6TA,@johnmejia992,johnmejia992,1,1,1,1,127,127,0.0,0.5467196819085487,0.003268711512314818,0.08835177314221064,1
UC6YSZqL0vEcI-niPKIMUGfw,@maxwellsales885,maxwellsales885,1,1,1,1,127,127,0.0,0.5467196819085487,0.003268711512314818,0.0883517731422106,1
UC72gBAtyb_VXQlYDcFrh6oQ,@osmanmorales3012,osmanmorales3012,3,1,1,1,127,127,0.0,0.5467196819085487,0.003268711512314818,0.08835177314221063,1
UC7VUuJr9cGh845CmTvf7TlQ,@LuisCastillo-oz4df,luiscastillo-oz4df,1,1,1,1,127,127,0.0,0.5467196819085487,0.003268711512314818,0.08835177314221064,1
UC8F2V63KZ4ZEay6opX2hAQw,@carmenr6311,carmenr6311,1,1,1,1,127,127,0.0,0.5467196819085487,0.003268711512314818,0.08835177314221063,1
UC8G5cJONY8L9voMyBW8Eoug,@luisparedes-pw6qt,luisparedes-pw6qt,1,1,1,1,127,127,0.0,0.5467196819085487,0.003268711512314818,0.08835177314221061,1
UC8r11yOugM2NuRfitQOxLLg,@cesaraugustomoralesmonroy6907,cesaraugustomoralesmonroy6907,1,1,1,1,127,127,0.0,0.5467196819085487,0.003268711512314818,0.08835177314221059,1
UC9vMq1YF-e7C-VO0SHkbUTA,@ErvinLeonardoCarreraLatín,ervinleonardocarreralatín,4,1,1,1,127,127,0.0,0.5467196819085487,0.003268711512314818,0.08835177314221061,1
UC9xr9QvIcDvoZNUX5f-jaZw,@MariaaliciaColonmorales,mariaaliciacolonmorales,1,1,1,1,127,127,0.0,0.5467196819085487,0.003268711512314818,0.08835177314221061,1
UCA93ym2TXs_Ibyxb4Vcn-6Q,@oswaldosolis8728,oswaldosolis8728,1,1,1,1,127,127,0.0,0.5467196819085487,0.003268711512314818,0.08835177314221056,1
UCAlzM_N6xBlMYmM8EBzX86Q,@carlossoto3252,carlossoto3252,1,1,1,1,127,127,0.0,0.5467196819085487,0.003268711512314818,0.08835177314221057,1
UCAmtbUiIrUIhikru0ZoTFig,@Aura-vf6dm,aura-vf6dm,1,1,1,1,127,127,0.0,0.5467196819085487,0.003268711512314818,0.08835177314221061,1
UCB5p8a5gklc80jJItP6xTHg,@ernestogamboa8737,ernestogamboa8737,1,1,1,1,127,127,0.0,0.5467196819085487,0.003268711512314818,0.0883517731422106,1
UCCaYwkkbQGcvFoUmothVdQQ,@OsvaldoAguirre-l3i,osvaldoaguirre-l3i,1,1,1,1,127,127,0.0,0.5467196819085487,0.003268711512314818,0.08835177314221067,1
UCDIMztpVm7G27qBuiWuT6oQ,@lizardomorataya8274,lizardomorataya8274,1,1,1,1,127,127,0.0,0.5467196819085487,0.003268711512314818,0.08835177314221065,1
UCDPWkUX3sNNaCx-m1dV4glA,@hectoroliva949,hectoroliva949,1,1,1,1,127,127,0.0,0.5467196819085487,0.003268711512314818,0.08835177314221063,1
UCDQaQv0hr2SS_PO-CMEwVHg,@federicosaquimux1933,federicosaquimux1933,1,1,1,1,127,127,0.0,0.5467196819085487,0.003268711512314818,0.08835177314221064,1
UCDUffaruH6dyUnUGwsTKpgg,@luisletona2842,luisletona2842,1,1,1,1,127,127,0.0,0.5467196819085487,0.003268711512314818,0.0883517731422106,1
UCDftMWXQoJ6nONfY7GVOVjg,@luisgpacheco5858,luisgpacheco5858,1,1,1,1,127,127,0.0,0.5467196819085487,0.003268711512314818,0.08835177314221059,1
UCDlr1VadSucIZgZ171pRBjQ,@cuabatzjj5924,cuabatzjj5924,1,1,1,1,127,127,0.0,0.5467196819085487,0.003268711512314818,0.08835177314221063,1
UCEgEQmRbtL5fwr9_DqAC--g,@ArielRodas-g5y,arielrodas-g5y,1,1,1,1,127,127,0.0,0.5467196819085487,0.003268711512314818,0.0883517731422106,1
UCErZPJpHmLCsXs8ZWkAUupQ,@dorisl.garciaroche7763,dorisl.garciaroche7763,1,1,1,1,127,127,0.0,0.5467196819085487,0.003268711512314818,0.08835177314221059,1
UCFUuDARXdmmIrLppEqf-rFg,@allanmunoz7410,allanmunoz7410,1,1,1,1,127,127,0.0,0.5467196819085487,0.003268711512314818,0.08835177314221061,1
UCFhxtoeARHPnXXPcDrOU3Xg,@diegoalejandrolopezmendez205,diegoalejandrolopezmendez205,1,1,1,1,127,127,0.0,0.5467196819085487,0.003268711512314818,0.08835177314221057,1
UCFjudnPLoaSL1BaRuLahyHg,@HaroldoCastillo-rh9iw,haroldocastillo-rh9iw,3,1,1,1,127,127,0.0,0.5467196819085487,0.003268711512314818,0.08835177314221054,1
UCFoIAE8k82D6AV-8gjjKaNg,@eddymunoz9789,eddymunoz9789,1,1,1,1,127,127,0.0,0.5467196819085487,0.003268711512314818,0.08835177314221064,1
UCFxE8GbokBrBsPEKM1xrOjQ,@JuanDavila-qd7qj,juandavila-qd7qj,1,1,1,1,127,127,0.0,0.5467196819085487,0.003268711512314818,0.08835177314221056,1
UCGzXwyCzMzGmjmCbH3Hg01Q,@FidelZacarias-ph7dy,fidelzacarias-ph7dy,1,1,1,1,127,127,0.0,0.5467196819085487,0.003268711512314818,0.0883517731422106,1
UCHhHUjaMAZ8SiXdCUCj9DkQ,@fredymendez1786,fredymendez1786,2,1,1,1,127,127,0.0,0.5467196819085487,0.003268711512314818,0.08835177314221064,1
UCKDR0f2fu2UzWL8mBv5-BHw,@mireyamorales6595,mireyamorales6595,1,1,1,1,127,127,0.0,0.5467196819085487,0.003268711512314818,0.08835177314221053,1
UCL13XhnRzbGokEkCkEOb0-g,@raquelprado3643,raquelprado3643,2,1,1,1,127,127,0.0,0.5467196819085487,0.003268711512314818,0.08835177314221063,1
UCL1MT278vSaQ83ZDkVWn1gw,@elmorodriguez6978,elmorodriguez6978,1,1,1,1,127,127,0.0,0.5467196819085487,0.003268711512314818,0.08835177314221063,1
UCLFdHr9BEbXHkoJopbEPLZw,@kanterra4584,kanterra4584,2,1,1,1,127,127,0.0,0.5467196819085487,0.003268711512314818,0.0883517731422106,1
UCLggDc_a5HriXv7I1h02sOA,@guillermogonzalez5153,guillermogonzalez5153,2,1,1,1,127,127,0.0,0.5467196819085487,0.003268711512314818,0.08835177314221061,1
UCN6qbfPSzFtjhqUDZ3Cv3CQ,@carlosmedranovelasquez6380,carlosmedranovelasquez6380,1,1,1,1,127,127,0.0,0.5467196819085487,0.003268711512314818,0.08835177314221057,1
UCNBnKqWf4d-rS4HwJRQljmQ,@LE_A22,le_a22,2,1,1,1,127,127,0.0,0.5467196819085487,0.003268711512314818,0.08835177314221065,1
UCNkcuy42zEwddwEcOd_HpnA,@vanigomez492,vanigomez492,1,1,1,1,127,127,0.0,0.5467196819085487,0.003268711512314818,0.08835177314221059,1
UCOLGv5Pf6BF2wFcwUzgcvHg,@welfrealdana5559,welfrealdana5559,2,1,1,1,127,127,0.0,0.5467196819085487,0.003268711512314818,0.08835177314221056,1
UCOS8ViEkccrTZx2w2ccxotA,@OscarHernandez-q8y,oscarhernandez-q8y,1,1,1,1,127,127,0.0,0.5467196819085487,0.003268711512314818,0.08835177314221061,1
UCOh6DaZC_x9HASnlRylEMfw,@AndresMedina-v1s,andresmedina-v1s,1,1,1,1,127,127,0.0,0.5467196819085487,0.003268711512314818,0.08835177314221056,1
UCQ_-LPP8JAbfkc-b1Q6NvWw,@MegaKristenstewart,megakristenstewart,2,1,1,1,127,127,0.0,0.5467196819085487,0.003268711512314818,0.0883517731422106,1
UCQgYjVngJRfPHDLGB5X6ZjA,@oscarnavas9996,oscarnavas9996,1,1,1,1,127,127,0.0,0.5467196819085487,0.003268711512314818,0.08835177314221061,1
UCQqetiwzzmRNTM5OWuXarGQ,@isaiaslopezvelasquez1539,isaiaslopezvelasquez1539,1,1,1,1,127,127,0.0,0.5467196819085487,0.003268711512314818,0.08835177314221063,1
UCQtICyzWmhC5woCtbNgaSmg,@nestormendez6216,nestormendez6216,2,1,1,1,127,127,0.0,0.5467196819085487,0.003268711512314818,0.08835177314221059,1
UCQtSFINs1h6GHkpg9o5kMvg,@MacarioMartinezruiz,macariomartinezruiz,1,1,1,1,127,127,0.0,0.5467196819085487,0.003268711512314818,0.0883517731422106,1
UCRETAiYdh2dL5ZxB0_N1zDA,@Joseroland21,joseroland21,1,1,1,1,127,127,0.0,0.5467196819085487,0.003268711512314818,0.08835177314221054,1
UCRelkU8JiZBytTzebJxaa-w,@danyraymundo2942,danyraymundo2942,1,1,1,1,127,127,0.0,0.5467196819085487,0.003268711512314818,0.08835177314221061,1
UCRlCV9zSn7avAWh-9_XFWqQ,@ronyarana8849,ronyarana8849,1,1,1,1,127,127,0.0,0.5467196819085487,0.003268711512314818,0.08835177314221065,1
UCSou6a2OuYGSvPjm5psquyA,@FranciscoRivera-sf7ne,franciscorivera-sf7ne,1,1,1,1,127,127,0.0,0.5467196819085487,0.003268711512314818,0.08835177314221061,1
UCTD6q1nyIe3Y7HhqjaMj72w,@JuanChang-r6k,juanchang-r6k,1,1,1,1,127,127,0.0,0.5467196819085487,0.003268711512314818,0.0883517731422106,1
UCTP3O0rMnc8z8v8jaDQwL0w,@RobertoZelaya-x1v,robertozelaya-x1v,1,1,1,1,127,127,0.0,0.5467196819085487,0.003268711512314818,0.08835177314221059,1
UCThW2XNsAaBKme5PUt7n-Zg,@thelmamoran8565,thelmamoran8565,1,1,1,1,127,127,0.0,0.5467196819085487,0.003268711512314818,0.08835177314221063,1
UCTwSut16JyAg3mX6LVUNGqA,@SuperVictor2005,supervictor2005,1,1,1,1,127,127,0.0,0.5467196819085487,0.003268711512314818,0.08835177314221063,1
UCTylKrsqkrBKIqubMu_5N0Q,@edwingeovanymarroquinmarro6684,edwingeovanymarroquinmarro6684,1,1,1,1,127,127,0.0,0.5467196819085487,0.003268711512314818,0.08835177314221059,1
UCUIIIPTVDVHAXqhC_5V6lPA,@gorrarota,gorrarota,1,1,1,1,127,127,0.0,0.5467196819085487,0.003268711512314818,0.08835177314221061,1
UCV0iizTBoOfdAFX_thfI9BA,@BenjaminLarios-jd8nk,benjaminlarios-jd8nk,1,1,1,1,127,127,0.0,0.5467196819085487,0.003268711512314818,0.08835177314221064,1
UCWIZUtKJ636y-4TYrNvok0g,@cesarandreas7824,cesarandreas7824,1,1,1,1,127,127,0.0,0.5467196819085487,0.003268711512314818,0.0883517731422106,1
UCXSkL3ejZ8qWYyF_M7s_QKA,@JacintaTzoy,jacintatzoy,1,1,1,1,127,127,0.0,0.5467196819085487,0.003268711512314818,0.08835177314221057,1
UCXXh7yg5KUFIWylTiKVEFKQ,@MrDuenderojo,mrduenderojo,2,1,1,1,127,127,0.0,0.5467196819085487,0.003268711512314818,0.08835177314221063,1
UCXgr7vXlRrsaskPdo097kGA,@Rogergh-nw4oj,rogergh-nw4oj,1,1,1,1,127,127,0.0,0.5467196819085487,0.003268711512314818,0.08835177314221059,1
UCXr8_5WtGeipe4haOoQDgyQ,@amyherrera7352,amyherrera7352,1,1,1,1,127,127,0.0,0.5467196819085487,0.003268711512314818,0.08835177314221063,1
UCYN4wSQ1Sx4_LurxLlW7MPg,@belarminavillatoro6474,belarminavillatoro6474,1,1,1,1,127,127,0.0,0.5467196819085487,0.003268711512314818,0.0883517731422106,1
UCYwpX26TrCxq8TvbKGRYLXA,@beneficioelcaminovillacana8540,beneficioelcaminovillacana8540,1,1,1,1,127,127,0.0,0.5467196819085487,0.003268711512314818,0.08835177314221063,1
UCZ51R_9Q9C0c8I3pAWhtmjQ,@belvettzapeta1251,belvettzapeta1251,1,1,1,1,127,127,0.0,0.5467196819085487,0.003268711512314818,0.08835177314221057,1
UCZLG9qH0tUjNhEGFIUt0CYw,@SoniaMarroquin-y6e,soniamarroquin-y6e,1,1,1,1,127,127,0.0,0.5467196819085487,0.003268711512314818,0.08835177314221061,1
UCcfdg8crmMJwEuLUsAhV7yg,@RolandoRaguay,rolandoraguay,1,1,1,1,127,127,0.0,0.5467196819085487,0.003268711512314818,0.08835177314221059,1
UCfM3nrxtTQMY5jFx1v1J4Gg,@edgarroldan5539,edgarroldan5539,1,1,1,1,127,127,0.0,0.5467196819085487,0.003268711512314818,0.08835177314221063,1
UCgvw7xIdGFupzpt1Y_BFkEA,@fredygarcia9151,fredygarcia9151,1,1,1,1,127,127,0.0,0.5467196819085487,0.003268711512314818,0.08835177314221061,1
UCh5ESQvtzyHDhCA7XyekCFA,@andyB5280,andyb5280,3,1,1,1,127,127,0.0,0.5467196819085487,0.003268711512314818,0.08835177314221063,1
UChZknRmJkeGeQk0-mQuhDOg,@OdilioRodríguez-c5w,odiliorodríguez-c5w,1,1,1,1,127,127,0.0,0.5467196819085487,0.003268711512314818,0.08835177314221061,1
UChep9kVb5gQmpodEEl10Xlg,@carlosaguilar-kz7ml,carlosaguilar-kz7ml,1,1,1,1,127,127,0.0,0.5467196819085487,0.003268711512314818,0.0883517731422106,1
UChgkn5Jt5tWKYMoEOuCjz3Q,@pablochitay46,pablochitay46,1,1,1,1,127,127,0.0,0.5467196819085487,0.003268711512314818,0.08835177314221059,1
UChs3tU2BcKOT0CezykvAsGw,@byronpontaza,byronpontaza,3,1,1,1,127,127,0.0,0.5467196819085487,0.003268711512314818,0.08835177314221063,1
UCi1b_TRQfgO1Z9O2gNGGWNA,@davidisraelesquitsaquil,davidisraelesquitsaquil,2,1,1,1,127,127,0.0,0.5467196819085487,0.003268711512314818,0.0883517731422106,1
UCiGRBf2RNF0WRKhRVT7zFoA,@edwinavila4876,edwinavila4876,1,1,1,1,127,127,0.0,0.5467196819085487,0.003268711512314818,0.08835177314221056,1
UCiMythXHsw7eQEMykCdmMUA,@JavierBecerra-h6x,javierbecerra-h6x,1,1,1,1,127,127,0.0,0.5467196819085487,0.003268711512314818,0.08835177314221067,1
UCipetjeiWj4CZB6EbyYziZg,@OseasSamayoa-ol5rz,oseassamayoa-ol5rz,1,1,1,1,127,127,0.0,0.5467196819085487,0.003268711512314818,0.08835177314221065,1
UCj-LL25XJnjxepPKCc3NGog,@anaaguirre8985,anaaguirre8985,1,1,1,1,127,127,0.0,0.5467196819085487,0.003268711512314818,0.08835177314221064,1
UCjSKM9j0Q7HLDr1hD6D-TUw,@josehidalgo4875,josehidalgo4875,1,1,1,1,127,127,0.0,0.5467196819085487,0.003268711512314818,0.0883517731422106,1
UCjmPuazZJzscrwvk0QR9RVw,@mynorrodas8591,mynorrodas8591,1,1,1,1,127,127,0.0,0.5467196819085487,0.003268711512314818,0.08835177314221061,1
UCkd9W714-947dEE6ZOEBATA,@ARGELIATELON,argeliatelon,2,1,1,1,127,127,0.0,0.5467196819085487,0.003268711512314818,0.08835177314221064,1
UCl0ekS9Tt0jJGtOEM18S63w,@monkchapin,monkchapin,1,1,1,1,127,127,0.0,0.5467196819085487,0.003268711512314818,0.08835177314221057,1
UCljDbleJul41G1TzOjOZAVA,@hectorcarranza3777,hectorcarranza3777,1,1,1,1,127,127,0.0,0.5467196819085487,0.003268711512314818,0.08835177314221061,1
UCmjppp6ujz3SAnULvP3sZMw,@marcomendez7509,marcomendez7509,1,1,1,1,127,127,0.0,0.5467196819085487,0.003268711512314818,0.08835177314221063,1
UCmvOgzmmXbjUthHy-WJ52hQ,@mariorodas593,mariorodas593,1,1,1,1,127,127,0.0,0.5467196819085487,0.003268711512314818,0.0883517731422106,1
UCp4iw5_5SmV9VGTFSNVGOmQ,@CARLOSSTREMS51,carlosstrems51,1,1,1,1,127,127,0.0,0.5467196819085487,0.003268711512314818,0.08835177314221057,1
UCpIdtvoFHVLGASGB5ySqIEA,@VidalVillatoro-p4w,vidalvillatoro-p4w,1,1,1,1,127,127,0.0,0.5467196819085487,0.003268711512314818,0.0883517731422106,1
UCpl8rF8uv_8uui-QRvuJaRA,@SergioGarcia-z9c,sergiogarcia-z9c,1,1,1,1,127,127,0.0,0.5467196819085487,0.003268711512314818,0.08835177314221059,1
UCplrIQtaPj6au60_f2-mOYw,@romeolopezherrarte799,romeolopezherrarte799,1,1,1,1,127,127,0.0,0.5467196819085487,0.003268711512314818,0.08835177314221064,1
UCr1emrogPKkKTs_WTtx71xg,@domingopeneleu6457,domingopeneleu6457,1,1,1,1,127,127,0.0,0.5467196819085487,0.003268711512314818,0.08835177314221059,1
UCrJn_rbo_ENAdeqneS-RmRw,@josecarrera9623,josecarrera9623,2,1,1,1,127,127,0.0,0.5467196819085487,0.003268711512314818,0.08835177314221057,1
UCsJJAvrVGupdmhOqgtDp8dg,@nestorlorenzana1168,nestorlorenzana1168,1,1,1,1,127,127,0.0,0.5467196819085487,0.003268711512314818,0.08835177314221059,1
UCsSXdJct-nsS8DsABoEsaYA,@IvánPérez-j4j,ivánpérez-j4j,1,1,1,1,127,127,0.0,0.5467196819085487,0.003268711512314818,0.08835177314221057,1
UCsjs5Hp_r86x1xbK6FAeqaA,@alvaroesquivel563,alvaroesquivel563,1,1,1,1,127,127,0.0,0.5467196819085487,0.003268711512314818,0.08835177314221059,1
UCtNfIBnc5S5DbbQj_yxgJTw,@JosueRamirez-ey3ih,josueramirez-ey3ih,1,1,1,1,127,127,0.0,0.5467196819085487,0.003268711512314818,0.08835177314221063,1
UCtUR3_CAiE7fCoZHM6cMfyQ,@mdelcid01,mdelcid01,1,1,1,1,127,127,0.0,0.5467196819085487,0.003268711512314818,0.08835177314221064,1
UCueV9cTyTDwgQSec1x2dYgA,@fredydomingo7062,fredydomingo7062,1,1,1,1,127,127,0.0,0.5467196819085487,0.003268711512314818,0.08835177314221061,1
UCujPF2nBgsTD62nWE3lcpIg,@victorarturoruanobautista7588,victorarturoruanobautista7588,1,1,1,1,127,127,0.0,0.5467196819085487,0.003268711512314818,0.08835177314221063,1
UCut6b9S98nv84cVX89PmKzA,@yeniferaguirre4498,yeniferaguirre4498,2,1,1,1,127,127,0.0,0.5467196819085487,0.003268711512314818,0.08835177314221065,1
UCvApqeCbLod-wejtT4CcVuA,@davidgaher9550,davidgaher9550,1,1,1,1,127,127,0.0,0.5467196819085487,0.003268711512314818,0.08835177314221063,1
UCwO2SXr0ggzwg6QWWrr01nQ,@ricardofigueroa5720,ricardofigueroa5720,1,1,1,1,127,127,0.0,0.5467196819085487,0.003268711512314818,0.08835177314221063,1
UCwW2OFy95P7ZBkOPxWkpvYg,@TeresaLucero-b5o,teresalucero-b5o,2,1,1,1,127,127,0.0,0.5467196819085487,0.003268711512314818,0.08835177314221059,1
UCwha8rxULYMVtNwZWeSkE1A,@mariasamo8637,mariasamo8637,1,1,1,1,127,127,0.0,0.5467196819085487,0.003268711512314818,0.08835177314221064,1
UCxff05WuyvwELNITi7bj7UA,@markoherrera,markoherrera,1,1,1,1,127,127,0.0,0.5467196819085487,0.003268711512314818,0.0883517731422106,1
UCySYJU5kUh7X8gVt9la2ISA,@dantesarti4351,dantesarti4351,1,1,1,1,127,127,0.0,0.5467196819085487,0.003268711512314818,0.08835177314221064,1
UCz3gu01bmjNv0DpRq-K3XYg,@eusebiovasquez4385,eusebiovasquez4385,2,1,1,1,127,127,0.0,0.5467196819085487,0.003268711512314818,0.08835177314221059,1
UCzSfZlOVxBSs5ObD25ywxDQ,@GilmarMaldonado-q9m,gilmarmaldonado-q9m,1,1,1,1,127,127,0.0,0.5467196819085487,0.003268711512314818,0.08835177314221059,1
UCzoL2l5H5eVlorWGH8AZfAg,@jor77cas,jor77cas,1,1,1,1,127,127,0.0,0.5467196819085487,0.003268711512314818,0.08835177314221064,1
UC-fiZBS5Gp1eCJd9ucgWnCg,@Tommii.10,tommii.10,1,1,1,1,48,48,0.0,0.4276827371695179,0.002898162641229915,0.0022186357747533136,3
UC1DpqK6vaPEkBOMNvypsKYg,@HectorCarranza-u4j4o,hectorcarranza-u4j4o,1,1,1,1,48,48,0.0,0.4276827371695179,0.002898162641229915,0.00221863577475331,3
UC32oozucwCF3q8d4m8fyOUg,@RauldejesusOlivagonzalez,rauldejesusolivagonzalez,1,1,1,1,48,48,0.0,0.4276827371695179,0.002898162641229915,0.002218635774753331,3
UC3UVO7pTbeYvZ3ILEyRDskQ,@rosaelenaargueta79,rosaelenaargueta79,1,1,1,1,48,48,0.0,0.4276827371695179,0.002898162641229915,0.0022186357747533414,3
UC4Avya4kmR4Q0FrfFdBozSQ,@davidlima1348,davidlima1348,1,1,1,1,48,48,0.0,0.4276827371695179,0.002898162641229915,0.0022186357747533206,3
UC5hvEnRUzI4Kfvwnyi4QxqQ,@leonelsantizo5281,leonelsantizo5281,1,1,1,1,48,48,0.0,0.4276827371695179,0.002898162641229915,0.002218635774753324,3
UC6Uj1FT5JjDSF8vudvDxPAA,@alfredoortega9264,alfredoortega9264,1,1,1,1,48,48,0.0,0.4276827371695179,0.002898162641229915,0.0022186357747532998,3
UC7dadZG7kkGYnsNu6td0FbA,@lesolorzano,lesolorzano,1,1,1,1,48,48,0.0,0.4276827371695179,0.002898162641229915,0.0022186357747533136,3
UC816IGbFCZinfYS1LRDaaHg,@ingenieroar,ingenieroar,1,1,1,1,48,48,0.0,0.4276827371695179,0.002898162641229915,0.0022186357747533136,3
UC95PSMouTx2N5CbSq0hIyrQ,@lisss1908,lisss1908,1,1,1,1,48,48,0.0,0.4276827371695179,0.002898162641229915,0.0022186357747533015,3
UCAKuKvcbfnBD3kF5njNu-IA,@melvinlopez7096,melvinlopez7096,1,1,1,1,48,48,0.0,0.4276827371695179,0.002898162641229915,0.0022186357747533136,3
UCCBYcToQ2dwkd6TJh0FSyDg,@lidiarodriguez3493,lidiarodriguez3493,1,1,1,1,48,48,0.0,0.4276827371695179,0.002898162641229915,0.0022186357747533015,3
UCDrmf9y9nLgFY5wnA2hTuGA,@laboratorio5528,laboratorio5528,1,1,1,1,48,48,0.0,0.4276827371695179,0.002898162641229915,0.0022186357747533084,3
UCGGHbtfbbe0o68etrOf0qxw,@karensussetteleonvargas9794,karensussetteleonvargas9794,1,1,1,1,48,48,0.0,0.4276827371695179,0.002898162641229915,0.002218635774753324,3
UCHbwIx9pmQuf7i-4_xO2EpA,@caminoseternos752,caminoseternos752,1,1,1,1,48,48,0.0,0.4276827371695179,0.002898162641229915,0.002218635774753317,3
UCNpt5CQlTzNjlAKY6CJtClQ,@eustaquiogomez9975,eustaquiogomez9975,1,1,1,1,48,48,0.0,0.4276827371695179,0.002898162641229915,0.002218635774753317,3
UCOcUI5XkTYNMSFhZNMIPpGg,@hendersonlopez3864,hendersonlopez3864,1,1,1,1,48,48,0.0,0.4276827371695179,0.002898162641229915,0.0022186357747533206,3
UCQqlPPUGqAfWjd-FSh_qn7Q,@estuardoargueta137,estuardoargueta137,1,1,1,1,48,48,0.0,0.4276827371695179,0.002898162641229915,0.0022186357747533136,3
UCQyOePccUP-fIJYzchAgZYw,@aguilar4254,aguilar4254,1,1,1,1,48,48,0.0,0.4276827371695179,0.002898162641229915,0.0022186357747533136,3
UCRAquv8el-tQ30bN7MlmySQ,@iamjimalesssa,iamjimalesssa,1,1,1,1,48,48,0.0,0.4276827371695179,0.002898162641229915,0.0022186357747533414,3
UCRvPToDkkumha7WJAfCDk1A,@ligiaguerra3057,ligiaguerra3057,1,1,1,1,48,48,0.0,0.4276827371695179,0.002898162641229915,0.0022186357747533345,3
UCUoYsrx1oZnCZ0usbBJn4fA,@AnaDiaz-re9sq,anadiaz-re9sq,1,1,1,1,48,48,0.0,0.4276827371695179,0.002898162641229915,0.0022186357747533206,3
UCV0lM03g5fg5pbPj97-sAtA,@genarodelgado3929,genarodelgado3929,1,1,1,1,48,48,0.0,0.4276827371695179,0.002898162641229915,0.002218635774753324,3
UCW-JC6lebVmf2P1dmY_L94g,@dinoraoroxon5771,dinoraoroxon5771,1,1,1,1,48,48,0.0,0.4276827371695179,0.002898162641229915,0.0022186357747533206,3
UCW80DaMjQlEUibC98Cot-Dg,@rogeraldana4289,rogeraldana4289,1,1,1,1,48,48,0.0,0.4276827371695179,0.002898162641229915,0.002218635774753317,3
UCWoAVGVqCn4xtINCMOTM4jg,@OmarMartinez-vv8re,omarmartinez-vv8re,1,1,1,1,48,48,0.0,0.4276827371695179,0.002898162641229915,0.002218635774753305,3
UCZeIIQrGAedW8tCbKWmGY-A,@mariocordon8873,mariocordon8873,1,1,1,1,48,48,0.0,0.4276827371695179,0.002898162641229915,0.002218635774753317,3
UC_LYoGs5C3mbZKZuKuqYCvw,@javiercifuentesarchila6041,javiercifuentesarchila6041,1,1,1,1,48,48,0.0,0.4276827371695179,0.002898162641229915,0.0022186357747533206,3
UCaKAjTW9MVub_clgr4DRYjQ,@josecastillo4390,josecastillo4390,1,1,1,1,48,48,0.0,0.4276827371695179,0.002898162641229915,0.00221863577475331,3
UCe8JZoYkX5oKUZyivHYdXhw,@FernandoGarcia-jg1fj,fernandogarcia-jg1fj,1,1,1,1,48,48,0.0,0.4276827371695179,0.002898162641229915,0.002218635774753324,3
UCeDNEtI8_a42bZ47wJiJMwQ,@EdgarcalderonCalderong,edgarcalderoncalderong,1,1,1,1,48,48,0.0,0.4276827371695179,0.002898162641229915,0.0022186357747533345,3
UCgJNFj5dnxXpcMvmuhZDPxA,@NataliaRodriguez-rx5mr,nataliarodriguez-rx5mr,1,1,1,1,48,48,0.0,0.4276827371695179,0.002898162641229915,0.0022186357747533345,3
UCgQw_Sbq3ugruDUKsq1e0-A,@marlenareano-h4t,marlenareano-h4t,1,1,1,1,48,48,0.0,0.4276827371695179,0.002898162641229915,0.0022186357747533345,3
UCiC-Jn7wdgyQV4_Urk0DkWQ,@pedroros6358,pedroros6358,1,1,1,1,48,48,0.0,0.4276827371695179,0.002898162641229915,0.0022186357747533206,3
UCkVtmkK07b2zaVVNssX4lOg,@HectorElias-u2l,hectorelias-u2l,1,1,1,1,48,48,0.0,0.4276827371695179,0.002898162641229915,0.002218635774753317,3
UCkbsS_3D-pvg1iHOld9uvIg,@gonzalo6075,gonzalo6075,1,1,1,1,48,48,0.0,0.4276827371695179,0.002898162641229915,0.0022186357747533275,3
UClhMWQ7XKWywYvbRnuf8QsA,@EcPerez-zz9oh,ecperez-zz9oh,1,1,1,1,48,48,0.0,0.4276827371695179,0.002898162641229915,0.0022186357747533414,3
UClqA491Xa5fQcXcJJa-vTWw,@AndresLemus-k2d,andreslemus-k2d,1,1,1,1,48,48,0.0,0.4276827371695179,0.002898162641229915,0.002218635774753317,3
UColMq7LmaoY3MT6aIDGrGvA,@quijotachapina1,quijotachapina1,1,1,1,1,48,48,0.0,0.4276827371695179,0.002898162641229915,0.002218635774753317,3
UCpe5jW3MIqkgTJ-PgkzvM6Q,@carloslam5333,carloslam5333,1,1,1,1,48,48,0.0,0.4276827371695179,0.002898162641229915,0.0022186357747533206,3
UCqCrvuoJpC-aVb0f4logQRQ,@Lyrics_GT,lyrics_gt,1,1,1,1,48,48,0.0,0.4276827371695179,0.002898162641229915,0.0022186357747533154,3
UCsGoJEvb-cFPZ2rWoJcXzEQ,@sergiohinestroza9709,sergiohinestroza9709,1,1,1,1,48,48,0.0,0.4276827371695179,0.002898162641229915,0.0022186357747533345,3
UCu8_3-Wg-YzNyvHYQDEscfw,@RolandoCastroPérez-d7y,rolandocastropérez-d7y,1,1,1,1,48,48,0.0,0.4276827371695179,0.002898162641229915,0.0022186357747533414,3
UCuXmOjxC-htcprLgeVXz6Tg,@jorgeaguilar-bq3uj,jorgeaguilar-bq3uj,1,1,1,1,48,48,0.0,0.4276827371695179,0.002898162641229915,0.002218635774753305,3
UCwgCc9Jd_gG-uLE_SY-FfPg,@armindapenados2841,armindapenados2841,1,1,1,1,48,48,0.0,0.4276827371695179,0.002898162641229915,0.0022186357747533275,3
UCwjUvRseNtJoItylIyIez7Q,@Silviazea,silviazea,1,1,1,1,48,48,0.0,0.4276827371695179,0.002898162641229915,0.0022186357747533032,3
UC-HeUTT6_g-VoiWds2a4H-w,@JorgeMunoz-gd9et,jorgemunoz-gd9et,1,1,1,1,31,31,0.0,0.3254437869822485,0.0031737991501789077,8.306085209665304e-06,2
UC-Iul5tDYH_oiAMXQH-KaaQ,@AlbertoMancilla-p9h,albertomancilla-p9h,1,1,1,1,31,31,0.0,0.3254437869822485,0.0031737991501789077,8.306085209658365e-06,2
UC0HvfEWozTHbwl_iEmJNvVA,@OttoPalencia-b7r,ottopalencia-b7r,1,1,1,1,31,31,0.0,0.3254437869822485,0.0031737991501789077,8.306085209644487e-06,2
UC14qlobYKqD-DO0j6b75lcA,@megavision4488,megavision4488,1,1,1,1,31,31,0.0,0.3254437869822485,0.0031737991501789077,8.306085209658365e-06,2
UC1NiEdJ7gk6FlDexIalWnGg,@BorisTebalán,boristebalán,1,1,1,1,31,31,0.0,0.3254437869822485,0.0031737991501789077,8.30608520968612e-06,2
UC3YpzAr7pcdKC7BVFEpYzog,@carmenfigueroa1232,carmenfigueroa1232,1,1,1,1,31,31,0.0,0.3254437869822485,0.0031737991501789077,8.306085209651426e-06,2
UC63tFvbQ_hJhGDi2nbjssjw,@AbigailRodas-w2r,abigailrodas-w2r,1,1,1,1,31,31,0.0,0.3254437869822485,0.0031737991501789077,8.306085209651426e-06,2
UCEHXl4VvvVpq-_4xC5tsbhg,@anibalg47,anibalg47,1,1,1,1,31,31,0.0,0.3254437869822485,0.0031737991501789077,8.306085209658365e-06,2
UCFybmWapGvBKcQod7cPPH9w,@vitalianochavez8382,vitalianochavez8382,1,1,1,1,31,31,0.0,0.3254437869822485,0.0031737991501789077,8.306085209644487e-06,2
UCRfkkatKrNtAARnXMMYBGlA,@BernerSoza-mg3vx,bernersoza-mg3vx,1,1,1,1,31,31,0.0,0.3254437869822485,0.0031737991501789077,8.30608520963061e-06,2
UCV3fr-YOixFKCZBbJP1-X4w,@albertoshernandez5251,albertoshernandez5251,5,1,1,1,31,31,0.0,0.3254437869822485,0.0031737991501789077,8.306085209644487e-06,2
UCWaRixDdpgllTBf4V0jPnKQ,@hectormaaz5523,hectormaaz5523,2,1,1,1,31,31,0.0,0.3254437869822485,0.0031737991501789077,8.306085209651426e-06,2
UCWvntqPQx99k_Z_skWKqNSA,@AntonioChiyal-x5s,antoniochiyal-x5s,1,1,1,1,31,31,0.0,0.3254437869822485,0.0031737991501789077,8.306085209637548e-06,2
UCZFQwqh90apuL8eFhvRBkUg,@luisricardo9671,luisricardo9671,1,1,1,1,31,31,0.0,0.3254437869822485,0.0031737991501789077,8.306085209672243e-06,2
UCa36MjQLoPAmgJo-R3G8WQA,@elsasalguero6914,elsasalguero6914,1,1,1,1,31,31,0.0,0.3254437869822485,0.0031737991501789077,8.30608520963061e-06,2
UCaT4saRcyqCLE657Rq2hhZQ,@elmilenial4064,elmilenial4064,1,1,1,1,31,31,0.0,0.3254437869822485,0.0031737991501789077,8.306085209644487e-06,2
UCeQk-WfEA-cJRq4EKeE7TOw,@franciscojuarez9223,franciscojuarez9223,1,1,1,1,31,31,0.0,0.3254437869822485,0.0031737991501789077,8.306085209644487e-06,2
UCfo_yUPzy1f1POwwZxhZ06Q,@lara11roberto,lara11roberto,1,1,1,1,31,31,0.0,0.3254437869822485,0.0031737991501789077,8.306085209658365e-06,2
UCgGqw4aqMdMVSGkKiMgrJRQ,@pattyfigueroa5609,pattyfigueroa5609,1,1,1,1,31,31,0.0,0.3254437869822485,0.0031737991501789077,8.306085209644487e-06,2
UCheEJ5GZuIvV0fj-nXyVwXw,@rosaoliva9389,rosaoliva9389,1,1,1,1,31,31,0.0,0.3254437869822485,0.0031737991501789077,8.30608520963061e-06,2
UChyps3dqY-VY1_wLeq-2lhw,@maydamorales4395,maydamorales4395,1,1,1,1,31,31,0.0,0.3254437869822485,0.0031737991501789077,8.306085209637548e-06,2
UCiOZX__1gahg1ypIj0_XG_w,@mariogonzalezorellana8956,mariogonzalezorellana8956,1,1,1,1,31,31,0.0,0.3254437869822485,0.0031737991501789077,8.306085209651426e-06,2
UCoGdCoJg2Lh0OX_jv6cG16g,@Israel-u5i7i,israel-u5i7i,2,1,1,1,31,31,0.0,0.3254437869822485,0.0031737991501789077,8.306085209651426e-06,2
UCp29O_C7cchZV8IxV7Crdag,@robertoescobar5507,robertoescobar5507,2,1,1,1,31,31,0.0,0.3254437869822485,0.0031737991501789077,8.306085209651426e-06,2
UCql1n3Ey6ULMSOACjMe-fxQ,@RolandoGonzalez-o7g,rolandogonzalez-o7g,1,1,1,1,31,31,0.0,0.3254437869822485,0.0031737991501789077,8.30608520963061e-06,2
UCtCtts20bW6F9CSohau51Iw,@carlosgranados9875,carlosgranados9875,2,1,1,1,31,31,0.0,0.3254437869822485,0.0031737991501789077,8.306085209665304e-06,2
UCtsxPYw8VUsH_FfnKg-0lmw,@AlejandroPérez-b6r,alejandropérez-b6r,1,1,1,1,31,31,0.0,0.3254437869822485,0.0031737991501789077,8.306085209672243e-06,2
UCvDwJBBY1mHK70aTEYl6rsA,@cristianescobedo8296,cristianescobedo8296,1,1,1,1,31,31,0.0,0.3254437869822485,0.0031737991501789077,8.306085209658365e-06,2
UCwxoKK59nGCeBqB2sXfDBIw,@vic-bonivideos,vic-bonivideos,1,1,1,1,31,31,0.0,0.3254437869822485,0.0031737991501789077,8.306085209658365e-06,2
UCyJhqmMbsvjpoarBBStA2kg,@Murmullodelbarrio,murmullodelbarrio,6,1,1,1,31,31,0.0,0.3254437869822485,0.0031737991501789077,8.306085209658365e-06,2
UC0RpuMwkDKJYqgKHtsJRuWQ,@sabinamarinaguerra3248,sabinamarinaguerra3248,1,1,2,1,24,24,0.0,1.0,0.00304321363359708,,5
UC0aEyakBPqcBkVJiErfSupQ,@jhonymanuel9891,jhonymanuel9891,1,1,2,1,24,24,0.0,1.0,0.00304321363359708,,5
UC5PyGvSfFM--OVKmQ3COu6g,@FreddyGmez,freddygmez,1,1,2,1,24,24,0.0,1.0,0.00304321363359708,,5
UC5fvhAfm89JH8eDFdvc0xYw,@isaidiaz2388,isaidiaz2388,1,1,2,1,24,24,0.0,1.0,0.00304321363359708,,5
UCFOxCyF926Y9eHhMeVoWLzw,@arielsarc09,arielsarc09,1,1,2,1,24,24,0.0,1.0,0.00304321363359708,,5
UCGqKxQS-z3NZzZF-2w338AA,@samuelaguilar529,samuelaguilar529,1,1,2,1,24,24,0.0,1.0,0.00304321363359708,,5
UCHMQ_lDhibZ-XZ_3fo6oxwg,@crislexrubi4387,crislexrubi4387,1,1,2,1,24,24,0.0,1.0,0.00304321363359708,,5
UCIUhbSCy3-SGRe5UtqM4fzQ,@jeanmorales1677,jeanmorales1677,1,1,2,1,24,24,0.0,1.0,0.00304321363359708,,5
UCIp19h9igblA2YKfSLPDAug,@JoseReyes-rn6sh,josereyes-rn6sh,1,1,2,1,24,24,0.0,1.0,0.00304321363359708,,5
UCRcSR3Lvn9DZAmJpVPANfZQ,@WalksandSuch,walksandsuch,1,1,2,1,24,24,0.0,1.0,0.00304321363359708,,5
UCRznz9-N3Qc1w-qNdLSIY2Q,@jimmygomez724,jimmygomez724,1,1,2,1,24,24,0.0,1.0,0.00304321363359708,,5
UCSTAUWVc1_82DHYeqOsqEFA,@TheAlexX_C,thealexx_c,1,1,2,1,24,24,0.0,1.0,0.00304321363359708,,5
UCXmrpc6Li0spcKxtS0Q_ptg,@melvinperez6710,melvinperez6710,1,1,2,1,24,24,0.0,1.0,0.00304321363359708,,5
UCY7Hq7F9Lnucf-Yr6JkHZNw,@maynorcalel1442,maynorcalel1442,1,1,2,1,24,24,0.0,1.0,0.00304321363359708,,5
UC_ljZ1hZXR9pzexFz87P5ZA,@ChRiStOpHeR7969,christopher7969,1,1,2,1,24,24,0.0,1.0,0.00304321363359708,,5
UCaT6M2zp7X6r6Whd8Vv3kHQ,@alexarcos8349,alexarcos8349,1,1,2,1,24,24,0.0,1.0,0.00304321363359708,,5
UCgLrWFdYitoP-b7-PxtUr-w,@zetag,zetag,1,1,2,1,24,24,0.0,1.0,0.00304321363359708,,5
UCgLurCo-e019HGODcjXHWCw,@perritojuega1,perritojuega1,1,1,2,1,24,24,0.0,1.0,0.00304321363359708,,5
UCi-vPdnpQreC7BkFs40mJGA,@bryansicasales4280,bryansicasales4280,1,1,2,1,24,24,0.0,1.0,0.00304321363359708,,5
UCqilIa8r7iek5sGYg_q6ofA,@rolandojuchuna484,rolandojuchuna484,1,1,2,1,24,24,0.0,1.0,0.00304321363359708,,5
UCs_5qeqdku9tGAq22y3OcuQ,@alexandrevasquez4135,alexandrevasquez4135,1,1,2,1,24,24,0.0,1.0,0.00304321363359708,,5
UCtMBF_1O2jY2INlb_luuB_A,@mynorgudiel8646,mynorgudiel8646,1,1,2,1,24,24,0.0,1.0,0.00304321363359708,,5
UCwUAv3_LpWVtTIi7lkmTL7A,@kingr4706,kingr4706,1,1,2,1,24,24,0.0,1.0,0.00304321363359708,,5
UCxKR3RA8T-kxMgq_2WWhRcQ,@elenaluarca9377,elenaluarca9377,1,1,2,1,24,24,0.0,1.0,0.00304321363359708,,5
UCyzf29IYjNw67gGIfsjgtxA,@carlosoliva9249,carlosoliva9249,1,1,2,1,24,24,0.0,1.0,0.00304321363359708,,5
UC1Y7x3h0c95Z8kUhi-Tzaeg,@rosadiaz9235,rosadiaz9235,1,1,1,1,18,18,0.0,0.4192073170731707,0.002359046320435588,0.0008039764085493242,2
UC7IMsCxfZyWN7YQo8-JYa6Q,@Burgos68,burgos68,2,1,1,1,18,18,0.0,0.4192073170731707,0.002359046320435588,0.0008039764085493173,2
UC8xlJWNHz1V_W6q3fbuQH8g,@NormaLópez-v7e,normalópez-v7e,1,1,1,1,18,18,0.0,0.4192073170731707,0.002359046320435588,0.0008039764085493104,2
UCAV7QIjYhbDJaycQycM_0eQ,@mariavail8998,mariavail8998,1,1,1,1,18,18,0.0,0.4192073170731707,0.002359046320435588,0.0008039764085493312,2
UCGX_UbAQOXGZknv5iqklwTA,@ronaldgarcia8522,ronaldgarcia8522,1,1,1,1,18,18,0.0,0.4192073170731707,0.002359046320435588,0.0008039764085493312,2
UCN2N_wYOw6fMwCeSzdXLPIw,@danielantoniogonzalezflore4901,danielantoniogonzalezflore4901,1,1,1,1,18,18,0.0,0.4192073170731707,0.002359046320435588,0.0008039764085493034,2
UCNIeXbV_mEwpa412h1aqUWw,@juandeleon9060,juandeleon9060,3,1,1,1,18,18,0.0,0.4192073170731707,0.002359046320435588,0.0008039764085493104,2
UCPZueDLrCS4BmTBRMA4q0fA,@kevinochoa3695,kevinochoa3695,1,1,1,1,18,18,0.0,0.4192073170731707,0.002359046320435588,0.0008039764085493242,2
UCVQf0tzL7xRzFJsABVVULpg,@DennisseLopetegi,dennisselopetegi,1,1,1,1,18,18,0.0,0.4192073170731707,0.002359046320435588,0.0008039764085493173,2
UCbYoNG5J3Au5BqtbXogfEFw,@Luis-gn3fj,luis-gn3fj,1,1,1,1,18,18,0.0,0.4192073170731707,0.002359046320435588,0.0008039764085492895,2
UCf5lnNZF7Qrtli9v4N_23WQ,@CarlosCortez-v5r,carloscortez-v5r,1,1,1,1,18,18,0.0,0.4192073170731707,0.002359046320435588,0.0008039764085493173,2
UCg3eIfd7BrsLEqS0BLkftHA,@ErmePérez-q4s,ermepérez-q4s,3,1,1,1,18,18,0.0,0.4192073170731707,0.002359046320435588,0.0008039764085493034,2
UCgQJgI9vu1FI2dnC9mrFthw,@srms70,srms70,1,1,1,1,18,18,0.0,0.4192073170731707,0.002359046320435588,0.0008039764085493034,2
UClsrFGJKWPxxw7MiaEdKLXw,@ericapaz5406,ericapaz5406,1,1,1,1,18,18,0.0,0.4192073170731707,0.002359046320435588,0.0008039764085493242,2
UCtNyHmRZtvGF2hSvI2dUBWw,@aureliomaldonado4793,aureliomaldonado4793,2,1,1,1,18,18,0.0,0.4192073170731707,0.002359046320435588,0.0008039764085492965,2
UCuP4UK33HKtJE_S39ksmaTw,@herbertaguilar1387,herbertaguilar1387,1,1,1,1,18,18,0.0,0.4192073170731707,0.002359046320435588,0.0008039764085493312,2
UCusjriFsDHEc2AOjqk-p5ig,@pablobarrios7931,pablobarrios7931,1,1,1,1,18,18,0.0,0.4192073170731707,0.002359046320435588,0.0008039764085493173,2
UC-QOpE7GOxlXcHZ8b7HbQKA,@mariaalexander427,mariaalexander427,2,1,3,1,17,17,0.0,1.0,0.00304321363359708,,6
UC1WlJfQmaIskYhP4gmWoamw,@marthareiss5434,marthareiss5434,1,1,3,1,17,17,0.0,1.0,0.00304321363359708,,6
UCBlm80VQ4YoV3bUJR_XhkaQ,@rosadiaz6945,rosadiaz6945,2,1,3,1,17,17,0.0,1.0,0.00304321363359708,,6
UCGZMgmM92E3njyXNe9-kjAQ,@pasionpornada,pasionpornada,1,1,3,1,17,17,0.0,1.0,0.00304321363359708,,6
UCIgoiXdIKJyUGmUoH2Lxdzg,@susievidal4134,susievidal4134,1,1,3,1,17,17,0.0,1.0,0.00304321363359708,,6
UCOLHH4ZpMxPYF-Q6e6wvn5A,@luisroldan7374,luisroldan7374,1,1,3,1,17,17,0.0,1.0,0.00304321363359708,,6
UCPNXmbOBVeC4HS-xemvcPtQ,@BelkisRodriguezRamirez,belkisrodriguezramirez,1,1,3,1,17,17,0.0,1.0,0.00304321363359708,,6
UCQMMuADgqWUOcJpLwHOzC-g,@Ripped-Yoda,ripped-yoda,1,1,3,1,17,17,0.0,1.0,0.00304321363359708,,6
UCVdjCrh4tQoX3haNAZv-n5A,@aurahernandez5646,aurahernandez5646,1,1,3,1,17,17,0.0,1.0,0.00304321363359708,,6
UCZjm6U576nX8WOiLhmMR3bw,@MariaNavarroYT,marianavarroyt,1,1,3,1,17,17,0.0,1.0,0.00304321363359708,,6
UCat2qkYvqmtDNEmo2PVuhXw,@DoraSalas-j5o,dorasalas-j5o,1,1,3,1,17,17,0.0,1.0,0.00304321363359708,,6
UCbNanjFI51cwGqMAb2rOrBw,@RosaMontesdeOca777,rosamontesdeoca777,1,1,3,1,17,17,0.0,1.0,0.00304321363359708,,6
UCi2KiZq63sRq8Mfbcp-MelQ,@eugeneramirez4405,eugeneramirez4405,6,1,3,1,17,17,0.0,1.0,0.00304321363359708,,6
UCozFYHN0e_-vlQbX3wQGOug,@jesusguzman2321,jesusguzman2321,1,1,3,1,17,17,0.0,1.0,0.00304321363359708,,6
UCp_dAUfv8i3LW3zWc24dLaQ,@MarioCortez-o6v,mariocortez-o6v,1,1,3,1,17,17,0.0,1.0,0.00304321363359708,,6
UCrqXyRsg-_hTosURZ-uvoKg,@flornolberto2425,flornolberto2425,1,1,3,1,17,17,0.0,1.0,0.00304321363359708,,6
UCtiHFjFu7d5v2XxHnKFUYig,@Paul-gf7ec,paul-gf7ec,1,1,3,1,17,17,0.0,1.0,0.00304321363359708,,6
UCxhtlxPV8AYWaNNyU6S9H8Q,@WilR-s8r,wilr-s8r,1,1,3,1,17,17,0.0,1.0,0.00304321363359708,,6
UCCUmP4PlbwgikVFpYwbtRTg,@alhvi,alhvi,1,1,1,1,15,15,0.0,0.3021978021978022,0.003038650949471555,1.338307535559552e-05,4
UCOY3XpD9qMCRSA8AA8c4CAw,@franciscorodas9686,franciscorodas9686,1,1,1,1,15,15,0.0,0.3021978021978022,0.003038650949471555,1.3383075355602458e-05,4
UCTTILH6QCIxbTnEWxwRqs1g,@3762Jorge,3762jorge,1,1,1,1,15,15,0.0,0.3021978021978022,0.003038650949471555,1.3383075355567764e-05,4
UCXO1BBohNWXkK9SBDAG2ySg,@JBFlute92,jbflute92,1,1,1,1,15,15,0.0,0.3021978021978022,0.003038650949471555,1.338307535559552e-05,4
UCXVLc8CmAO813ubM-fLvCDw,@herminiasaquimux7565,herminiasaquimux7565,1,1,1,1,15,15,0.0,0.3021978021978022,0.003038650949471555,1.3383075355574703e-05,4
UCXl30Y_upRqbti52fmjK4YA,@capitanfrans,capitanfrans,1,1,1,1,15,15,0.0,0.3021978021978022,0.003038650949471555,1.3383075355574703e-05,4
UCcFIBN-rtC3d3hXeuN5TfWw,@DenisRMC,denisrmc,1,1,1,1,15,15,0.0,0.3021978021978022,0.003038650949471555,1.338307535558858e-05,4
UCc_F88PzGWtA1OPNUEASulA,@rockyscarlet,rockyscarlet,1,1,1,1,15,15,0.0,0.3021978021978022,0.003038650949471555,1.338307535558858e-05,4
UCdQAuWwyC99MB7Y02Umj26Q,@miguelbran1268,miguelbran1268,1,1,1,1,15,15,0.0,0.3021978021978022,0.003038650949471555,1.338307535558858e-05,4
UCefAH1MbvADWUjE9WVcB9EQ,@jabriz8152,jabriz8152,1,1,1,1,15,15,0.0,0.3021978021978022,0.003038650949471555,1.3383075355581642e-05,4
UChT7pzGytNd92Nmvi-zuWog,@sparkvalkov,sparkvalkov,1,1,1,1,15,15,0.0,0.3021978021978022,0.003038650949471555,1.338307535558858e-05,4
UCkxdJ_yGN2gghOMo2ybQtXQ,@11223344An,11223344an,1,1,1,1,15,15,0.0,0.3021978021978022,0.003038650949471555,1.3383075355602458e-05,4
UCwEe1RKlEv1UpNWmWYfSh4w,@marioramirez299,marioramirez299,1,1,1,1,15,15,0.0,0.3021978021978022,0.003038650949471555,1.3383075355567764e-05,4
UCxcoDvP-g2_KTZDmVZtvb3w,@angelmartinez9523,angelmartinez9523,1,1,1,1,15,15,0.0,0.3021978021978022,0.003038650949471555,1.3383075355567764e-05,4
UC2ngpd8UBQu4gcUYy0goAtg,@juliohernandez7438,juliohernandez7438,1,1,1,1,12,12,0.0,0.2509124087591241,0.002548612704496669,7.16394638906187e-08,2
UCAxvOOHQk7dYPOajzFEVtbA,@ruddydepaz322,ruddydepaz322,2,1,1,1,12,12,0.0,0.2509124087591241,0.002548612704496669,7.163946390623122e-08,2
UCIXLDYqR_syskKRJy_x9W9Q,@carlitosramirez4739,carlitosramirez4739,1,1,1,1,12,12,0.0,0.2509124087591241,0.002548612704496669,7.163946389495551e-08,2
UCLXYp1Cvc5DLtq5UQL5D9vw,@jorgecifuentes-m5g,jorgecifuentes-m5g,1,1,1,1,12,12,0.0,0.2509124087591241,0.002548612704496669,7.163946390623122e-08,2
UCO0zwwLWGyDgQmWPJ5Qrr1w,@elsalvador3605,elsalvador3605,1,1,1,1,12,12,0.0,0.2509124087591241,0.002548612704496669,7.163946388378823e-08,2
UCXN2s7DwTJm33xO-pNkAdaA,@edithsan7688,edithsan7688,1,1,1,1,12,12,0.0,0.2509124087591241,0.002548612704496669,7.163946388714926e-08,2
UC_3xuTXvMIWU5MYP9HkJ3vQ,@Historia-wm4os,historia-wm4os,1,1,1,1,12,12,0.0,0.2509124087591241,0.002548612704496669,7.163946392357845e-08,2
UCfXykdbSU97rj987LDUGfvg,@MariaSantos-c8y3h,mariasantos-c8y3h,1,1,1,1,12,12,0.0,0.2509124087591241,0.002548612704496669,7.163946390623122e-08,2
UCfjhejO7LZy4doXURa7LZCQ,@HonwayLee-z5g,honwaylee-z5g,1,1,1,1,12,12,0.0,0.2509124087591241,0.002548612704496669,7.16394638975576e-08,2
UCq3mDTTRZnUybct5M9OSXbg,@MacoMorales-i2i2d,macomorales-i2i2d,1,1,1,1,12,12,0.0,0.2509124087591241,0.002548612704496669,7.163946388975134e-08,2
UCvl1tzQeBeGy6efPTRJXSCw,@RaulPerez-cw2vi,raulperez-cw2vi,1,1,1,1,12,12,0.0,0.2509124087591241,0.002548612704496669,7.163946388975134e-08,2
UCwCfs-2zbD5k0lG-UVg_JBw,@JessicaHuaz-96,jessicahuaz-96,1,1,1,1,12,12,0.0,0.2509124087591241,0.002548612704496669,7.163946391663956e-08,2
UC5wuDq3U3vRAhOQI3D7gNdw,@allanreneramirezgonzalez534,allanreneramirezgonzalez534,1,1,1,1,9,9,0.0,0.4110612855007474,0.0019228331088015497,0.0007555358413171842,4
UCJp3OrVYcBorC94sKwdch_A,@ULJoshmg2011,uljoshmg2011,1,1,1,1,9,9,0.0,0.4110612855007474,0.0019228331088015497,0.0007555358413171617,4
UCVC2QugcI1G4RvlCiUqd1aQ,@rwdm76,rwdm76,2,1,1,1,9,9,0.0,0.4110612855007474,0.0019228331088015497,0.0007555358413171807,4
UCZOmq6MwFDVoCaEl99BRRaw,@daniloarevalo3170,daniloarevalo3170,1,1,1,1,9,9,0.0,0.4110612855007474,0.0019228331088015497,0.0007555358413171738,4
UC_6KbBY1bsYXz9fwFS0eQRg,@imrcp5694,imrcp5694,1,1,1,1,9,9,0.0,0.4110612855007474,0.0019228331088015497,0.0007555358413171669,4
UCjJf-AJKRFFWtiN-CSwkDmA,@2jose82,2jose82,1,1,1,1,9,9,0.0,0.4110612855007474,0.0019228331088015497,0.0007555358413171807,4
UCnU8wO1OurAmGstDw6VGjgQ,@cmorera21,cmorera21,1,1,1,1,9,9,0.0,0.4110612855007474,0.0019228331088015497,0.0007555358413171539,4
UC094EFEmMSdwVa8NQjjYBXg,@CelestinoQuej-j7k,celestinoquej-j7k,1,1,1,1,6,6,0.0,0.35900783289817234,0.0016697553162696444,0.0007242558070261577,7
UC3iIU62XKUOWuqL8BqBzj9A,@antonioduarte2288,antonioduarte2288,1,1,1,1,6,6,0.0,0.35900783289817234,0.0016697553162696444,0.0007242558070261491,7
UC4kg7zuTfqQKLd2bkZrSYBA,@zoilagarcia9019,zoilagarcia9019,1,1,1,1,6,6,0.0,0.30353200883002207,0.001806375196548455,1.8187069556134527e-05,3
UC5PrBbmUlQolwqmiru7yZhw,@lazarochavez8269,lazarochavez8269,1,1,1,1,6,6,0.0,0.35900783289817234,0.0016697553162696444,0.0007242558070261369,7
UC9Wp6vL5oCU37qC3Aj94WZA,@ManuelSanchez-b8q2z,manuelsanchez-b8q2z,1,1,1,1,6,6,0.0,0.35900783289817234,0.0016697553162696444,0.0007242558070261352,7
UCBtB5dIyx-C16UN8ClUD2UA,@alexmonzon4257,alexmonzon4257,1,1,1,1,6,6,0.0,0.30353200883002207,0.001806375196548455,1.8187069556134527e-05,3
UCFFrEmn6lPYiWyElpfzTy5Q,@denilsonlopez4083,denilsonlopez4083,1,1,1,1,6,6,0.0,0.30353200883002207,0.001806375196548455,1.818706955612412e-05,3
UCGm3gRBEHGRJYmtCryZLtDw,@JoséLopez-g6k,josélopez-g6k,1,1,1,1,6,6,0.0,0.35900783289817234,0.0016697553162696444,0.0007242558070261291,7
UCHu8x4MVkayU6VgwVKd--MQ,@Hernandez-i1o,hernandez-i1o,1,1,1,1,6,6,0.0,0.35900783289817234,0.0016697553162696444,0.0007242558070261361,7
UCLh1Kde4_vI1sTZBkTNP7RQ,@JoelReynoso-d4r,joelreynoso-d4r,1,1,1,1,6,6,0.0,0.30353200883002207,0.001806375196548455,1.818706955612759e-05,3
UCfRqgt2O-vjzUDMZY_tnxQw,@Williams-Garcia67E,williams-garcia67e,1,1,1,1,6,6,0.0,0.30353200883002207,0.001806375196548455,1.818706955611024e-05,3
UCk4O-J1BhoqPmig1KLGJePA,@lazarobarillas3575,lazarobarillas3575,1,1,1,1,6,6,0.0,0.30353200883002207,0.001806375196548455,1.818706955611718e-05,3
UCGj2v6Gl5bN8NSrzJMXS-CA,@juliogutierrez492,juliogutierrez492,1,1,1,1,5,5,0.0,0.29891304347826086,0.0019964490731540488,6.203035382155303e-06,4
UCOARn3hnfkB7-_Rwa8Hoqcw,@nicelol5241,nicelol5241,1,1,1,1,5,5,0.0,0.29891304347826086,0.0019964490731540488,6.203035382141425e-06,4
UCVhif9eV0f8plICen2DnpKA,@blogarteplus,blogarteplus,1,1,1,1,5,5,0.0,0.29891304347826086,0.0019964490731540488,6.203035382124945e-06,4
UCZIQnb1fkwe39Iw2TAu-bGA,@jorgegomez2237,jorgegomez2237,1,1,1,1,5,5,0.0,0.29891304347826086,0.0019964490731540488,6.20303538212668e-06,4
UCyW68EGZey4ao_Vf2cR5Ztg,@ZabalaXabier,zabalaxabier,1,1,1,1,5,5,0.0,0.29891304347826086,0.0019964490731540488,6.203035382148364e-06,4
UCKVzDUqbtdSMBcexaEtMmzQ,@rotorairgroup8409,rotorairgroup8409,1,1,4,1,3,3,0.0,1.0,0.003043213633597078,,8
UCNiMNUJvaRJb0_QLClqwVnA,@Santiago.Nolasco,santiago.nolasco,1,1,4,1,3,3,0.0,1.0,0.003043213633597078,,8
UCld2stqxaVSk0QdGncM224A,@sarahernandez3873,sarahernandez3873,1,1,4,1,3,3,0.0,1.0,0.003043213633597078,,8
UCtowGNY2lnlg6O2CkwDgkLg,@taniagabrielacelis8434,taniagabrielacelis8434,1,1,4,1,3,3,0.0,1.0,0.003043213633597078,,8
UCHGd14aYuZZShLD73dkk6mg,@noemiherrera3152,noemiherrera3152,1,1,5,1,2,2,0.0,1.0,0.003043213633597079,,9
UCQIdKuZ-OzuFqy0KjGrgesg,@lyacausa,lyacausa,1,1,5,1,2,2,0.0,1.0,0.003043213633597079,,9
UCWWkebAekppaL5b5CNlppuw,@ninettmartinez425,ninettmartinez425,1,1,5,1,2,2,0.0,1.0,0.003043213633597079,,9
UCJxJC56BSAX-ArD0NAb9qnQ,@alfonsowilian9157,alfonsowilian9157,1,1,6,1,1,1,0.0,1.0,0.003043213633597079,,10
UCyor0Mmm0ivLX2jIdyGp84Q,@MiguelJordan-n3g,migueljordan-n3g,1,1,6,1,1,1,0.0,1.0,0.003043213633597079,,10
UC6xI_MOaxajIWpoP8BH6E_Q,@jahirdiaz5862,jahirdiaz5862,1,1,7,1,0,0,0.0,0.0,0.00045648204503956184,,11
UCPLW0HE3siElqCgXfgWxMqg,@elizabethmonterroso7719,elizabethmonterroso7719,1,1,8,1,0,0,0.0,0.0,0.00045648204503956184,,12
UCQM2tCKRRytVDRxNUfCDqQQ,@elioelias7267,elioelias7267,1,1,9,1,0,0,0.0,0.0,0.00045648204503956184,,13
UC_NRVt2UP88ZNTwzrZ66JSg,@aditalissethevasquezrojas8039,aditalissethevasquezrojas8039,1,1,10,1,0,0,0.0,0.0,0.00045648204503956184,,14
