nodo,comunidad,tamano_comunidad,author_name,author_handle,grado
UCHTGCgY2l-DQJIvlA_cpa_Q,1,126,@virgiliogarcia3039,virgiliogarcia3039,145
UCsUCN0Yq_UyTvKjOJLmNrnQ,1,126,@moisesvaldez4043,moisesvaldez4043,133
UC-hfX8J5JPJ-dfuakzegMLA,1,126,@normaleticiaorozcojuarez2418,normaleticiaorozcojuarez2418,127
UC-jS_kA9w-OmpupXDx156Rg,1,126,@simoncreyesc7579,simoncreyesc7579,127
UC-pNP6RMFuLg_-x7Ah_0kEA,1,126,@almacatalan2717,almacatalan2717,127
UC1vr9aaMI2crB0NvwFHUeoQ,1,126,@JoseSimilox-p6e,josesimilox-p6e,127
UC2Y_EHWQKevubk4vOEBBFxw,1,126,@alfonsomorales2653,alfonsomorales2653,127
UC2weSE8rpqkGMOp6StYtVfg,1,126,@katerynsantiago2907,katerynsantiago2907,127
UC3E9mAgP7VoAE5mZoAexl5g,1,126,@EnnioAroche,ennioaroche,127
UC3MYTqpQqlWBuCB7Th0e0PA,1,126,@isaaclopez7220,isaaclopez7220,127
UC3NMzdMYryaw82kPTnsaljg,1,126,@marisosa7832,marisosa7832,127
UC3XTwHxygNCgjndsg-UiCQA,1,126,@marioajset4283,marioajset4283,127
UC3qn1yJA5PeW9rkGPatQxiw,1,126,@VICTOREST19,victorest19,127
UC4cXueR2bKGFJV0Fk76gwmA,1,126,@aluxdel4792,aluxdel4792,127
UC4wq3DcbfaG6dtCqn8Oyu3w,1,126,@hugoasencio7764,hugoasencio7764,127
UC5H8ASmMC9WrURmzeB4ySog,1,126,@ManuelEdran,manueledran,127
UC5bG9nc_JV3FsNP2KseQiYw,1,126,@giovannirodas4836,giovannirodas4836,127
UC650pRT-OYzny3GwOH8Cgfw,1,126,@edvinparedesherrera7632,edvinparedesherrera7632,127
UC6PvO1_k5lHKGdAPo5_C6TA,1,126,@johnmejia992,johnmejia992,127
UC6YSZqL0vEcI-niPKIMUGfw,1,126,@maxwellsales885,maxwellsales885,127
UC72gBAtyb_VXQlYDcFrh6oQ,1,126,@osmanmorales3012,osmanmorales3012,127
UC7VUuJr9cGh845CmTvf7TlQ,1,126,@LuisCastillo-oz4df,luiscastillo-oz4df,127
UC8F2V63KZ4ZEay6opX2hAQw,1,126,@carmenr6311,carmenr6311,127
UC8G5cJONY8L9voMyBW8Eoug,1,126,@luisparedes-pw6qt,luisparedes-pw6qt,127
UC8r11yOugM2NuRfitQOxLLg,1,126,@cesaraugustomoralesmonroy6907,cesaraugustomoralesmonroy6907,127
UC9vMq1YF-e7C-VO0SHkbUTA,1,126,@ErvinLeonardoCarreraLatín,ervinleonardocarreralatín,127
UC9xr9QvIcDvoZNUX5f-jaZw,1,126,@MariaaliciaColonmorales,mariaaliciacolonmorales,127
UCA93ym2TXs_Ibyxb4Vcn-6Q,1,126,@oswaldosolis8728,oswaldosolis8728,127
UCAlzM_N6xBlMYmM8EBzX86Q,1,126,@carlossoto3252,carlossoto3252,127
UCAmtbUiIrUIhikru0ZoTFig,1,126,@Aura-vf6dm,aura-vf6dm,127
UCB5p8a5gklc80jJItP6xTHg,1,126,@ernestogamboa8737,ernestogamboa8737,127
UCCaYwkkbQGcvFoUmothVdQQ,1,126,@OsvaldoAguirre-l3i,osvaldoaguirre-l3i,127
UCDIMztpVm7G27qBuiWuT6oQ,1,126,@lizardomorataya8274,lizardomorataya8274,127
UCDPWkUX3sNNaCx-m1dV4glA,1,126,@hectoroliva949,hectoroliva949,127
UCDQaQv0hr2SS_PO-CMEwVHg,1,126,@federicosaquimux1933,federicosaquimux1933,127
UCDUffaruH6dyUnUGwsTKpgg,1,126,@luisletona2842,luisletona2842,127
UCDftMWXQoJ6nONfY7GVOVjg,1,126,@luisgpacheco5858,luisgpacheco5858,127
UCDlr1VadSucIZgZ171pRBjQ,1,126,@cuabatzjj5924,cuabatzjj5924,127
UCEgEQmRbtL5fwr9_DqAC--g,1,126,@ArielRodas-g5y,arielrodas-g5y,127
UCErZPJpHmLCsXs8ZWkAUupQ,1,126,@dorisl.garciaroche7763,dorisl.garciaroche7763,127
UCFUuDARXdmmIrLppEqf-rFg,1,126,@allanmunoz7410,allanmunoz7410,127
UCFhxtoeARHPnXXPcDrOU3Xg,1,126,@diegoalejandrolopezmendez205,diegoalejandrolopezmendez205,127
UCFjudnPLoaSL1BaRuLahyHg,1,126,@HaroldoCastillo-rh9iw,haroldocastillo-rh9iw,127
UCFoIAE8k82D6AV-8gjjKaNg,1,126,@eddymunoz9789,eddymunoz9789,127
UCFxE8GbokBrBsPEKM1xrOjQ,1,126,@JuanDavila-qd7qj,juandavila-qd7qj,127
UCGzXwyCzMzGmjmCbH3Hg01Q,1,126,@FidelZacarias-ph7dy,fidelzacarias-ph7dy,127
UCHhHUjaMAZ8SiXdCUCj9DkQ,1,126,@fredymendez1786,fredymendez1786,127
UCKDR0f2fu2UzWL8mBv5-BHw,1,126,@mireyamorales6595,mireyamorales6595,127
UCL13XhnRzbGokEkCkEOb0-g,1,126,@raquelprado3643,raquelprado3643,127
UCL1MT278vSaQ83ZDkVWn1gw,1,126,@elmorodriguez6978,elmorodriguez6978,127
UCLFdHr9BEbXHkoJopbEPLZw,1,126,@kanterra4584,kanterra4584,127
UCLggDc_a5HriXv7I1h02sOA,1,126,@guillermogonzalez5153,guillermogonzalez5153,127
UCN6qbfPSzFtjhqUDZ3Cv3CQ,1,126,@carlosmedranovelasquez6380,carlosmedranovelasquez6380,127
UCNBnKqWf4d-rS4HwJRQljmQ,1,126,@LE_A22,le_a22,127
UCNkcuy42zEwddwEcOd_HpnA,1,126,@vanigomez492,vanigomez492,127
UCOLGv5Pf6BF2wFcwUzgcvHg,1,126,@welfrealdana5559,welfrealdana5559,127
UCOS8ViEkccrTZx2w2ccxotA,1,126,@OscarHernandez-q8y,oscarhernandez-q8y,127
UCOh6DaZC_x9HASnlRylEMfw,1,126,@AndresMedina-v1s,andresmedina-v1s,127
UCQ_-LPP8JAbfkc-b1Q6NvWw,1,126,@MegaKristenstewart,megakristenstewart,127
UCQgYjVngJRfPHDLGB5X6ZjA,1,126,@oscarnavas9996,oscarnavas9996,127
UCQqetiwzzmRNTM5OWuXarGQ,1,126,@isaiaslopezvelasquez1539,isaiaslopezvelasquez1539,127
UCQtICyzWmhC5woCtbNgaSmg,1,126,@nestormendez6216,nestormendez6216,127
UCQtSFINs1h6GHkpg9o5kMvg,1,126,@MacarioMartinezruiz,macariomartinezruiz,127
UCRETAiYdh2dL5ZxB0_N1zDA,1,126,@Joseroland21,joseroland21,127
UCRelkU8JiZBytTzebJxaa-w,1,126,@danyraymundo2942,danyraymundo2942,127
UCRlCV9zSn7avAWh-9_XFWqQ,1,126,@ronyarana8849,ronyarana8849,127
UCSou6a2OuYGSvPjm5psquyA,1,126,@FranciscoRivera-sf7ne,franciscorivera-sf7ne,127
UCTD6q1nyIe3Y7HhqjaMj72w,1,126,@JuanChang-r6k,juanchang-r6k,127
UCTP3O0rMnc8z8v8jaDQwL0w,1,126,@RobertoZelaya-x1v,robertozelaya-x1v,127
UCThW2XNsAaBKme5PUt7n-Zg,1,126,@thelmamoran8565,thelmamoran8565,127
UCTwSut16JyAg3mX6LVUNGqA,1,126,@SuperVictor2005,supervictor2005,127
UCTylKrsqkrBKIqubMu_5N0Q,1,126,@edwingeovanymarroquinmarro6684,edwingeovanymarroquinmarro6684,127
UCUIIIPTVDVHAXqhC_5V6lPA,1,126,@gorrarota,gorrarota,127
UCV0iizTBoOfdAFX_thfI9BA,1,126,@BenjaminLarios-jd8nk,benjaminlarios-jd8nk,127
UCWIZUtKJ636y-4TYrNvok0g,1,126,@cesarandreas7824,cesarandreas7824,127
UCXSkL3ejZ8qWYyF_M7s_QKA,1,126,@JacintaTzoy,jacintatzoy,127
UCXXh7yg5KUFIWylTiKVEFKQ,1,126,@MrDuenderojo,mrduenderojo,127
UCXgr7vXlRrsaskPdo097kGA,1,126,@Rogergh-nw4oj,rogergh-nw4oj,127
UCXr8_5WtGeipe4haOoQDgyQ,1,126,@amyherrera7352,amyherrera7352,127
UCYN4wSQ1Sx4_LurxLlW7MPg,1,126,@belarminavillatoro6474,belarminavillatoro6474,127
UCYwpX26TrCxq8TvbKGRYLXA,1,126,@beneficioelcaminovillacana8540,beneficioelcaminovillacana8540,127
UCZ51R_9Q9C0c8I3pAWhtmjQ,1,126,@belvettzapeta1251,belvettzapeta1251,127
UCZLG9qH0tUjNhEGFIUt0CYw,1,126,@SoniaMarroquin-y6e,soniamarroquin-y6e,127
UCcfdg8crmMJwEuLUsAhV7yg,1,126,@RolandoRaguay,rolandoraguay,127
UCfM3nrxtTQMY5jFx1v1J4Gg,1,126,@edgarroldan5539,edgarroldan5539,127
UCgvw7xIdGFupzpt1Y_BFkEA,1,126,@fredygarcia9151,fredygarcia9151,127
UCh5ESQvtzyHDhCA7XyekCFA,1,126,@andyB5280,andyb5280,127
UChZknRmJkeGeQk0-mQuhDOg,1,126,@OdilioRodríguez-c5w,odiliorodríguez-c5w,127
UChep9kVb5gQmpodEEl10Xlg,1,126,@carlosaguilar-kz7ml,carlosaguilar-kz7ml,127
UChgkn5Jt5tWKYMoEOuCjz3Q,1,126,@pablochitay46,pablochitay46,127
UChs3tU2BcKOT0CezykvAsGw,1,126,@byronpontaza,byronpontaza,127
UCi1b_TRQfgO1Z9O2gNGGWNA,1,126,@davidisraelesquitsaquil,davidisraelesquitsaquil,127
UCiGRBf2RNF0WRKhRVT7zFoA,1,126,@edwinavila4876,edwinavila4876,127
UCiMythXHsw7eQEMykCdmMUA,1,126,@JavierBecerra-h6x,javierbecerra-h6x,127
UCipetjeiWj4CZB6EbyYziZg,1,126,@OseasSamayoa-ol5rz,oseassamayoa-ol5rz,127
UCj-LL25XJnjxepPKCc3NGog,1,126,@anaaguirre8985,anaaguirre8985,127
UCjSKM9j0Q7HLDr1hD6D-TUw,1,126,@josehidalgo4875,josehidalgo4875,127
UCjmPuazZJzscrwvk0QR9RVw,1,126,@mynorrodas8591,mynorrodas8591,127
UCkd9W714-947dEE6ZOEBATA,1,126,@ARGELIATELON,argeliatelon,127
UCl0ekS9Tt0jJGtOEM18S63w,1,126,@monkchapin,monkchapin,127
UCljDbleJul41G1TzOjOZAVA,1,126,@hectorcarranza3777,hectorcarranza3777,127
UCmjppp6ujz3SAnULvP3sZMw,1,126,@marcomendez7509,marcomendez7509,127
UCmvOgzmmXbjUthHy-WJ52hQ,1,126,@mariorodas593,mariorodas593,127
UCp4iw5_5SmV9VGTFSNVGOmQ,1,126,@CARLOSSTREMS51,carlosstrems51,127
UCpIdtvoFHVLGASGB5ySqIEA,1,126,@VidalVillatoro-p4w,vidalvillatoro-p4w,127
UCpl8rF8uv_8uui-QRvuJaRA,1,126,@SergioGarcia-z9c,sergiogarcia-z9c,127
UCplrIQtaPj6au60_f2-mOYw,1,126,@romeolopezherrarte799,romeolopezherrarte799,127
UCr1emrogPKkKTs_WTtx71xg,1,126,@domingopeneleu6457,domingopeneleu6457,127
UCrJn_rbo_ENAdeqneS-RmRw,1,126,@josecarrera9623,josecarrera9623,127
UCsJJAvrVGupdmhOqgtDp8dg,1,126,@nestorlorenzana1168,nestorlorenzana1168,127
UCsSXdJct-nsS8DsABoEsaYA,1,126,@IvánPérez-j4j,ivánpérez-j4j,127
UCsjs5Hp_r86x1xbK6FAeqaA,1,126,@alvaroesquivel563,alvaroesquivel563,127
UCtNfIBnc5S5DbbQj_yxgJTw,1,126,@JosueRamirez-ey3ih,josueramirez-ey3ih,127
UCtUR3_CAiE7fCoZHM6cMfyQ,1,126,@mdelcid01,mdelcid01,127
UCueV9cTyTDwgQSec1x2dYgA,1,126,@fredydomingo7062,fredydomingo7062,127
UCujPF2nBgsTD62nWE3lcpIg,1,126,@victorarturoruanobautista7588,victorarturoruanobautista7588,127
UCut6b9S98nv84cVX89PmKzA,1,126,@yeniferaguirre4498,yeniferaguirre4498,127
UCvApqeCbLod-wejtT4CcVuA,1,126,@davidgaher9550,davidgaher9550,127
UCwO2SXr0ggzwg6QWWrr01nQ,1,126,@ricardofigueroa5720,ricardofigueroa5720,127
UCwW2OFy95P7ZBkOPxWkpvYg,1,126,@TeresaLucero-b5o,teresalucero-b5o,127
UCwha8rxULYMVtNwZWeSkE1A,1,126,@mariasamo8637,mariasamo8637,127
UCxff05WuyvwELNITi7bj7UA,1,126,@markoherrera,markoherrera,127
UCySYJU5kUh7X8gVt9la2ISA,1,126,@dantesarti4351,dantesarti4351,127
UCz3gu01bmjNv0DpRq-K3XYg,1,126,@eusebiovasquez4385,eusebiovasquez4385,127
UCzSfZlOVxBSs5ObD25ywxDQ,1,126,@GilmarMaldonado-q9m,gilmarmaldonado-q9m,127
UCzoL2l5H5eVlorWGH8AZfAg,1,126,@jor77cas,jor77cas,127
UCzZ6dDCEsLMXbc5pCFXIprw,2,61,@josegil3813,josegil3813,49
UCjZgFEowMBrsjodqfovzdKw,2,61,@franciscoflores3120,franciscoflores3120,43
UC-HeUTT6_g-VoiWds2a4H-w,2,61,@JorgeMunoz-gd9et,jorgemunoz-gd9et,31
UC-Iul5tDYH_oiAMXQH-KaaQ,2,61,@AlbertoMancilla-p9h,albertomancilla-p9h,31
UC0HvfEWozTHbwl_iEmJNvVA,2,61,@OttoPalencia-b7r,ottopalencia-b7r,31
UC14qlobYKqD-DO0j6b75lcA,2,61,@megavision4488,megavision4488,31
UC1NiEdJ7gk6FlDexIalWnGg,2,61,@BorisTebalán,boristebalán,31
UC3YpzAr7pcdKC7BVFEpYzog,2,61,@carmenfigueroa1232,carmenfigueroa1232,31
UC63tFvbQ_hJhGDi2nbjssjw,2,61,@AbigailRodas-w2r,abigailrodas-w2r,31
UCEHXl4VvvVpq-_4xC5tsbhg,2,61,@anibalg47,anibalg47,31
UCFybmWapGvBKcQod7cPPH9w,2,61,@vitalianochavez8382,vitalianochavez8382,31
UCRfkkatKrNtAARnXMMYBGlA,2,61,@BernerSoza-mg3vx,bernersoza-mg3vx,31
UCV3fr-YOixFKCZBbJP1-X4w,2,61,@albertoshernandez5251,albertoshernandez5251,31
UCWaRixDdpgllTBf4V0jPnKQ,2,61,@hectormaaz5523,hectormaaz5523,31
UCWvntqPQx99k_Z_skWKqNSA,2,61,@AntonioChiyal-x5s,antoniochiyal-x5s,31
UCZFQwqh90apuL8eFhvRBkUg,2,61,@luisricardo9671,luisricardo9671,31
UCa36MjQLoPAmgJo-R3G8WQA,2,61,@elsasalguero6914,elsasalguero6914,31
UCaT4saRcyqCLE657Rq2hhZQ,2,61,@elmilenial4064,elmilenial4064,31
UCeQk-WfEA-cJRq4EKeE7TOw,2,61,@franciscojuarez9223,franciscojuarez9223,31
UCfo_yUPzy1f1POwwZxhZ06Q,2,61,@lara11roberto,lara11roberto,31
UCgGqw4aqMdMVSGkKiMgrJRQ,2,61,@pattyfigueroa5609,pattyfigueroa5609,31
UCheEJ5GZuIvV0fj-nXyVwXw,2,61,@rosaoliva9389,rosaoliva9389,31
UChyps3dqY-VY1_wLeq-2lhw,2,61,@maydamorales4395,maydamorales4395,31
UCiOZX__1gahg1ypIj0_XG_w,2,61,@mariogonzalezorellana8956,mariogonzalezorellana8956,31
UCoGdCoJg2Lh0OX_jv6cG16g,2,61,@Israel-u5i7i,israel-u5i7i,31
UCp29O_C7cchZV8IxV7Crdag,2,61,@robertoescobar5507,robertoescobar5507,31
UCql1n3Ey6ULMSOACjMe-fxQ,2,61,@RolandoGonzalez-o7g,rolandogonzalez-o7g,31
UCtCtts20bW6F9CSohau51Iw,2,61,@carlosgranados9875,carlosgranados9875,31
UCtsxPYw8VUsH_FfnKg-0lmw,2,61,@AlejandroPérez-b6r,alejandropérez-b6r,31
UCvDwJBBY1mHK70aTEYl6rsA,2,61,@cristianescobedo8296,cristianescobedo8296,31
UCwxoKK59nGCeBqB2sXfDBIw,2,61,@vic-bonivideos,vic-bonivideos,31
UCyJhqmMbsvjpoarBBStA2kg,2,61,@Murmullodelbarrio,murmullodelbarrio,31
UC1Y7x3h0c95Z8kUhi-Tzaeg,2,61,@rosadiaz9235,rosadiaz9235,18
UC7IMsCxfZyWN7YQo8-JYa6Q,2,61,@Burgos68,burgos68,18
UC8xlJWNHz1V_W6q3fbuQH8g,2,61,@NormaLópez-v7e,normalópez-v7e,18
UCAV7QIjYhbDJaycQycM_0eQ,2,61,@mariavail8998,mariavail8998,18
UCGX_UbAQOXGZknv5iqklwTA,2,61,@ronaldgarcia8522,ronaldgarcia8522,18
UCN2N_wYOw6fMwCeSzdXLPIw,2,61,@danielantoniogonzalezflore4901,danielantoniogonzalezflore4901,18
UCNIeXbV_mEwpa412h1aqUWw,2,61,@juandeleon9060,juandeleon9060,18
UCPZueDLrCS4BmTBRMA4q0fA,2,61,@kevinochoa3695,kevinochoa3695,18
UCVQf0tzL7xRzFJsABVVULpg,2,61,@DennisseLopetegi,dennisselopetegi,18
UCbYoNG5J3Au5BqtbXogfEFw,2,61,@Luis-gn3fj,luis-gn3fj,18
UCf5lnNZF7Qrtli9v4N_23WQ,2,61,@CarlosCortez-v5r,carloscortez-v5r,18
UCg3eIfd7BrsLEqS0BLkftHA,2,61,@ErmePérez-q4s,ermepérez-q4s,18
UCgQJgI9vu1FI2dnC9mrFthw,2,61,@srms70,srms70,18
UClsrFGJKWPxxw7MiaEdKLXw,2,61,@ericapaz5406,ericapaz5406,18
UCtNyHmRZtvGF2hSvI2dUBWw,2,61,@aureliomaldonado4793,aureliomaldonado4793,18
UCuP4UK33HKtJE_S39ksmaTw,2,61,@herbertaguilar1387,herbertaguilar1387,18
UCusjriFsDHEc2AOjqk-p5ig,2,61,@pablobarrios7931,pablobarrios7931,18
UC2ngpd8UBQu4gcUYy0goAtg,2,61,@juliohernandez7438,juliohernandez7438,12
UCAxvOOHQk7dYPOajzFEVtbA,2,61,@ruddydepaz322,ruddydepaz322,12
UCIXLDYqR_syskKRJy_x9W9Q,2,61,@carlitosramirez4739,carlitosramirez4739,12
UCLXYp1Cvc5DLtq5UQL5D9vw,2,61,@jorgecifuentes-m5g,jorgecifuentes-m5g,12
UCO0zwwLWGyDgQmWPJ5Qrr1w,2,61,@elsalvador3605,elsalvador3605,12
UCXN2s7DwTJm33xO-pNkAdaA,2,61,@edithsan7688,edithsan7688,12
UC_3xuTXvMIWU5MYP9HkJ3vQ,2,61,@Historia-wm4os,historia-wm4os,12
UCfXykdbSU97rj987LDUGfvg,2,61,@MariaSantos-c8y3h,mariasantos-c8y3h,12
UCfjhejO7LZy4doXURa7LZCQ,2,61,@HonwayLee-z5g,honwaylee-z5g,12
UCq3mDTTRZnUybct5M9OSXbg,2,61,@MacoMorales-i2i2d,macomorales-i2i2d,12
UCvl1tzQeBeGy6efPTRJXSCw,2,61,@RaulPerez-cw2vi,raulperez-cw2vi,12
UCwCfs-2zbD5k0lG-UVg_JBw,2,61,@JessicaHuaz-96,jessicahuaz-96,12
UCpsKOkt5iWTbenzeuq7dsmQ,3,55,@inge_vergueta,inge_vergueta,183
UCylqlpsh8ENNM1LqgQ1KbxA,3,55,@Jel.Awesh.M,jel.awesh.m,174
UCdFlugHJJa4l3YqWuNRmvXw,3,55,@MarcosCarillo-b1r,marcoscarillo-b1r,54
UC-fiZBS5Gp1eCJd9ucgWnCg,3,55,@Tommii.10,tommii.10,48
UC1DpqK6vaPEkBOMNvypsKYg,3,55,@HectorCarranza-u4j4o,hectorcarranza-u4j4o,48
UC32oozucwCF3q8d4m8fyOUg,3,55,@RauldejesusOlivagonzalez,rauldejesusolivagonzalez,48
UC3UVO7pTbeYvZ3ILEyRDskQ,3,55,@rosaelenaargueta79,rosaelenaargueta79,48
UC4Avya4kmR4Q0FrfFdBozSQ,3,55,@davidlima1348,davidlima1348,48
UC5hvEnRUzI4Kfvwnyi4QxqQ,3,55,@leonelsantizo5281,leonelsantizo5281,48
UC6Uj1FT5JjDSF8vudvDxPAA,3,55,@alfredoortega9264,alfredoortega9264,48
UC7dadZG7kkGYnsNu6td0FbA,3,55,@lesolorzano,lesolorzano,48
UC816IGbFCZinfYS1LRDaaHg,3,55,@ingenieroar,ingenieroar,48
UC95PSMouTx2N5CbSq0hIyrQ,3,55,@lisss1908,lisss1908,48
UCAKuKvcbfnBD3kF5njNu-IA,3,55,@melvinlopez7096,melvinlopez7096,48
UCCBYcToQ2dwkd6TJh0FSyDg,3,55,@lidiarodriguez3493,lidiarodriguez3493,48
UCDrmf9y9nLgFY5wnA2hTuGA,3,55,@laboratorio5528,laboratorio5528,48
UCGGHbtfbbe0o68etrOf0qxw,3,55,@karensussetteleonvargas9794,karensussetteleonvargas9794,48
UCHbwIx9pmQuf7i-4_xO2EpA,3,55,@caminoseternos752,caminoseternos752,48
UCNpt5CQlTzNjlAKY6CJtClQ,3,55,@eustaquiogomez9975,eustaquiogomez9975,48
UCOcUI5XkTYNMSFhZNMIPpGg,3,55,@hendersonlopez3864,hendersonlopez3864,48
UCQqlPPUGqAfWjd-FSh_qn7Q,3,55,@estuardoargueta137,estuardoargueta137,48
UCQyOePccUP-fIJYzchAgZYw,3,55,@aguilar4254,aguilar4254,48
UCRAquv8el-tQ30bN7MlmySQ,3,55,@iamjimalesssa,iamjimalesssa,48
UCRvPToDkkumha7WJAfCDk1A,3,55,@ligiaguerra3057,ligiaguerra3057,48
UCUoYsrx1oZnCZ0usbBJn4fA,3,55,@AnaDiaz-re9sq,anadiaz-re9sq,48
UCV0lM03g5fg5pbPj97-sAtA,3,55,@genarodelgado3929,genarodelgado3929,48
UCW-JC6lebVmf2P1dmY_L94g,3,55,@dinoraoroxon5771,dinoraoroxon5771,48
UCW80DaMjQlEUibC98Cot-Dg,3,55,@rogeraldana4289,rogeraldana4289,48
UCWoAVGVqCn4xtINCMOTM4jg,3,55,@OmarMartinez-vv8re,omarmartinez-vv8re,48
UCZeIIQrGAedW8tCbKWmGY-A,3,55,@mariocordon8873,mariocordon8873,48
UC_LYoGs5C3mbZKZuKuqYCvw,3,55,@javiercifuentesarchila6041,javiercifuentesarchila6041,48
UCaKAjTW9MVub_clgr4DRYjQ,3,55,@josecastillo4390,josecastillo4390,48
UCe8JZoYkX5oKUZyivHYdXhw,3,55,@FernandoGarcia-jg1fj,fernandogarcia-jg1fj,48
UCeDNEtI8_a42bZ47wJiJMwQ,3,55,@EdgarcalderonCalderong,edgarcalderoncalderong,48
UCgJNFj5dnxXpcMvmuhZDPxA,3,55,@NataliaRodriguez-rx5mr,nataliarodriguez-rx5mr,48
UCgQw_Sbq3ugruDUKsq1e0-A,3,55,@marlenareano-h4t,marlenareano-h4t,48
UCiC-Jn7wdgyQV4_Urk0DkWQ,3,55,@pedroros6358,pedroros6358,48
UCkVtmkK07b2zaVVNssX4lOg,3,55,@HectorElias-u2l,hectorelias-u2l,48
UCkbsS_3D-pvg1iHOld9uvIg,3,55,@gonzalo6075,gonzalo6075,48
UClhMWQ7XKWywYvbRnuf8QsA,3,55,@EcPerez-zz9oh,ecperez-zz9oh,48
UClqA491Xa5fQcXcJJa-vTWw,3,55,@AndresLemus-k2d,andreslemus-k2d,48
UColMq7LmaoY3MT6aIDGrGvA,3,55,@quijotachapina1,quijotachapina1,48
UCpe5jW3MIqkgTJ-PgkzvM6Q,3,55,@carloslam5333,carloslam5333,48
UCqCrvuoJpC-aVb0f4logQRQ,3,55,@Lyrics_GT,lyrics_gt,48
UCsGoJEvb-cFPZ2rWoJcXzEQ,3,55,@sergiohinestroza9709,sergiohinestroza9709,48
UCu8_3-Wg-YzNyvHYQDEscfw,3,55,@RolandoCastroPérez-d7y,rolandocastropérez-d7y,48
UCuXmOjxC-htcprLgeVXz6Tg,3,55,@jorgeaguilar-bq3uj,jorgeaguilar-bq3uj,48
UCwgCc9Jd_gG-uLE_SY-FfPg,3,55,@armindapenados2841,armindapenados2841,48
UCwjUvRseNtJoItylIyIez7Q,3,55,@Silviazea,silviazea,48
UC4kg7zuTfqQKLd2bkZrSYBA,3,55,@zoilagarcia9019,zoilagarcia9019,6
UCBtB5dIyx-C16UN8ClUD2UA,3,55,@alexmonzon4257,alexmonzon4257,6
UCFFrEmn6lPYiWyElpfzTy5Q,3,55,@denilsonlopez4083,denilsonlopez4083,6
UCLh1Kde4_vI1sTZBkTNP7RQ,3,55,@JoelReynoso-d4r,joelreynoso-d4r,6
UCfRqgt2O-vjzUDMZY_tnxQw,3,55,@Williams-Garcia67E,williams-garcia67e,6
UCk4O-J1BhoqPmig1KLGJePA,3,55,@lazarobarillas3575,lazarobarillas3575,6
UCvcu1kR8xMYy_I1Ty-2mV2Q,4,28,@hashojea7348,hashojea7348,28
UCbrtvygfRT6QXqWDNrOf-cA,4,28,@Alejandro00710,alejandro00710,23
UCCUmP4PlbwgikVFpYwbtRTg,4,28,@alhvi,alhvi,15
UCOY3XpD9qMCRSA8AA8c4CAw,4,28,@franciscorodas9686,franciscorodas9686,15
UCTTILH6QCIxbTnEWxwRqs1g,4,28,@3762Jorge,3762jorge,15
UCXO1BBohNWXkK9SBDAG2ySg,4,28,@JBFlute92,jbflute92,15
UCXVLc8CmAO813ubM-fLvCDw,4,28,@herminiasaquimux7565,herminiasaquimux7565,15
UCXl30Y_upRqbti52fmjK4YA,4,28,@capitanfrans,capitanfrans,15
UCcFIBN-rtC3d3hXeuN5TfWw,4,28,@DenisRMC,denisrmc,15
UCc_F88PzGWtA1OPNUEASulA,4,28,@rockyscarlet,rockyscarlet,15
UCdQAuWwyC99MB7Y02Umj26Q,4,28,@miguelbran1268,miguelbran1268,15
UCefAH1MbvADWUjE9WVcB9EQ,4,28,@jabriz8152,jabriz8152,15
UChT7pzGytNd92Nmvi-zuWog,4,28,@sparkvalkov,sparkvalkov,15
UCkxdJ_yGN2gghOMo2ybQtXQ,4,28,@11223344An,11223344an,15
UCwEe1RKlEv1UpNWmWYfSh4w,4,28,@marioramirez299,marioramirez299,15
UCxcoDvP-g2_KTZDmVZtvb3w,4,28,@angelmartinez9523,angelmartinez9523,15
UC5wuDq3U3vRAhOQI3D7gNdw,4,28,@allanreneramirezgonzalez534,allanreneramirezgonzalez534,9
UCJp3OrVYcBorC94sKwdch_A,4,28,@ULJoshmg2011,uljoshmg2011,9
UCVC2QugcI1G4RvlCiUqd1aQ,4,28,@rwdm76,rwdm76,9
UCZOmq6MwFDVoCaEl99BRRaw,4,28,@daniloarevalo3170,daniloarevalo3170,9
UC_6KbBY1bsYXz9fwFS0eQRg,4,28,@imrcp5694,imrcp5694,9
UCjJf-AJKRFFWtiN-CSwkDmA,4,28,@2jose82,2jose82,9
UCnU8wO1OurAmGstDw6VGjgQ,4,28,@cmorera21,cmorera21,9
UCGj2v6Gl5bN8NSrzJMXS-CA,4,28,@juliogutierrez492,juliogutierrez492,5
UCOARn3hnfkB7-_Rwa8Hoqcw,4,28,@nicelol5241,nicelol5241,5
UCVhif9eV0f8plICen2DnpKA,4,28,@blogarteplus,blogarteplus,5
UCZIQnb1fkwe39Iw2TAu-bGA,4,28,@jorgegomez2237,jorgegomez2237,5
UCyW68EGZey4ao_Vf2cR5Ztg,4,28,@ZabalaXabier,zabalaxabier,5
UC0RpuMwkDKJYqgKHtsJRuWQ,5,25,@sabinamarinaguerra3248,sabinamarinaguerra3248,24
UC0aEyakBPqcBkVJiErfSupQ,5,25,@jhonymanuel9891,jhonymanuel9891,24
UC5PyGvSfFM--OVKmQ3COu6g,5,25,@FreddyGmez,freddygmez,24
UC5fvhAfm89JH8eDFdvc0xYw,5,25,@isaidiaz2388,isaidiaz2388,24
UCFOxCyF926Y9eHhMeVoWLzw,5,25,@arielsarc09,arielsarc09,24
UCGqKxQS-z3NZzZF-2w338AA,5,25,@samuelaguilar529,samuelaguilar529,24
UCHMQ_lDhibZ-XZ_3fo6oxwg,5,25,@crislexrubi4387,crislexrubi4387,24
UCIUhbSCy3-SGRe5UtqM4fzQ,5,25,@jeanmorales1677,jeanmorales1677,24
UCIp19h9igblA2YKfSLPDAug,5,25,@JoseReyes-rn6sh,josereyes-rn6sh,24
UCRcSR3Lvn9DZAmJpVPANfZQ,5,25,@WalksandSuch,walksandsuch,24
UCRznz9-N3Qc1w-qNdLSIY2Q,5,25,@jimmygomez724,jimmygomez724,24
UCSTAUWVc1_82DHYeqOsqEFA,5,25,@TheAlexX_C,thealexx_c,24
UCXmrpc6Li0spcKxtS0Q_ptg,5,25,@melvinperez6710,melvinperez6710,24
UCY7Hq7F9Lnucf-Yr6JkHZNw,5,25,@maynorcalel1442,maynorcalel1442,24
UC_ljZ1hZXR9pzexFz87P5ZA,5,25,@ChRiStOpHeR7969,christopher7969,24
UCaT6M2zp7X6r6Whd8Vv3kHQ,5,25,@alexarcos8349,alexarcos8349,24
UCgLrWFdYitoP-b7-PxtUr-w,5,25,@zetag,zetag,24
UCgLurCo-e019HGODcjXHWCw,5,25,@perritojuega1,perritojuega1,24
UCi-vPdnpQreC7BkFs40mJGA,5,25,@bryansicasales4280,bryansicasales4280,24
UCqilIa8r7iek5sGYg_q6ofA,5,25,@rolandojuchuna484,rolandojuchuna484,24
UCs_5qeqdku9tGAq22y3OcuQ,5,25,@alexandrevasquez4135,alexandrevasquez4135,24
UCtMBF_1O2jY2INlb_luuB_A,5,25,@mynorgudiel8646,mynorgudiel8646,24
UCwUAv3_LpWVtTIi7lkmTL7A,5,25,@kingr4706,kingr4706,24
UCxKR3RA8T-kxMgq_2WWhRcQ,5,25,@elenaluarca9377,elenaluarca9377,24
UCyzf29IYjNw67gGIfsjgtxA,5,25,@carlosoliva9249,carlosoliva9249,24
UC-QOpE7GOxlXcHZ8b7HbQKA,6,18,@mariaalexander427,mariaalexander427,17
UC1WlJfQmaIskYhP4gmWoamw,6,18,@marthareiss5434,marthareiss5434,17
UCBlm80VQ4YoV3bUJR_XhkaQ,6,18,@rosadiaz6945,rosadiaz6945,17
UCGZMgmM92E3njyXNe9-kjAQ,6,18,@pasionpornada,pasionpornada,17
UCIgoiXdIKJyUGmUoH2Lxdzg,6,18,@susievidal4134,susievidal4134,17
UCOLHH4ZpMxPYF-Q6e6wvn5A,6,18,@luisroldan7374,luisroldan7374,17
UCPNXmbOBVeC4HS-xemvcPtQ,6,18,@BelkisRodriguezRamirez,belkisrodriguezramirez,17
UCQMMuADgqWUOcJpLwHOzC-g,6,18,@Ripped-Yoda,ripped-yoda,17
UCVdjCrh4tQoX3haNAZv-n5A,6,18,@aurahernandez5646,aurahernandez5646,17
UCZjm6U576nX8WOiLhmMR3bw,6,18,@MariaNavarroYT,marianavarroyt,17
UCat2qkYvqmtDNEmo2PVuhXw,6,18,@DoraSalas-j5o,dorasalas-j5o,17
UCbNanjFI51cwGqMAb2rOrBw,6,18,@RosaMontesdeOca777,rosamontesdeoca777,17
UCi2KiZq63sRq8Mfbcp-MelQ,6,18,@eugeneramirez4405,eugeneramirez4405,17
UCozFYHN0e_-vlQbX3wQGOug,6,18,@jesusguzman2321,jesusguzman2321,17
UCp_dAUfv8i3LW3zWc24dLaQ,6,18,@MarioCortez-o6v,mariocortez-o6v,17
UCrqXyRsg-_hTosURZ-uvoKg,6,18,@flornolberto2425,flornolberto2425,17
UCtiHFjFu7d5v2XxHnKFUYig,6,18,@Paul-gf7ec,paul-gf7ec,17
UCxhtlxPV8AYWaNNyU6S9H8Q,6,18,@WilR-s8r,wilr-s8r,17
UC094EFEmMSdwVa8NQjjYBXg,7,6,@CelestinoQuej-j7k,celestinoquej-j7k,6
UC3iIU62XKUOWuqL8BqBzj9A,7,6,@antonioduarte2288,antonioduarte2288,6
UC5PrBbmUlQolwqmiru7yZhw,7,6,@lazarochavez8269,lazarochavez8269,6
UC9Wp6vL5oCU37qC3Aj94WZA,7,6,@ManuelSanchez-b8q2z,manuelsanchez-b8q2z,6
UCGm3gRBEHGRJYmtCryZLtDw,7,6,@JoséLopez-g6k,josélopez-g6k,6
UCHu8x4MVkayU6VgwVKd--MQ,7,6,@Hernandez-i1o,hernandez-i1o,6
UCKVzDUqbtdSMBcexaEtMmzQ,8,4,@rotorairgroup8409,rotorairgroup8409,3
UCNiMNUJvaRJb0_QLClqwVnA,8,4,@Santiago.Nolasco,santiago.nolasco,3
UCld2stqxaVSk0QdGncM224A,8,4,@sarahernandez3873,sarahernandez3873,3
UCtowGNY2lnlg6O2CkwDgkLg,8,4,@taniagabrielacelis8434,taniagabrielacelis8434,3
UCHGd14aYuZZShLD73dkk6mg,9,3,@noemiherrera3152,noemiherrera3152,2
UCQIdKuZ-OzuFqy0KjGrgesg,9,3,@lyacausa,lyacausa,2
UCWWkebAekppaL5b5CNlppuw,9,3,@ninettmartinez425,ninettmartinez425,2
UCJxJC56BSAX-ArD0NAb9qnQ,10,2,@alfonsowilian9157,alfonsowilian9157,1
UCyor0Mmm0ivLX2jIdyGp84Q,10,2,@MiguelJordan-n3g,migueljordan-n3g,1
UC6xI_MOaxajIWpoP8BH6E_Q,11,1,@jahirdiaz5862,jahirdiaz5862,0
UCPLW0HE3siElqCgXfgWxMqg,12,1,@elizabethmonterroso7719,elizabethmonterroso7719,0
UCQM2tCKRRytVDRxNUfCDqQQ,13,1,@elioelias7267,elioelias7267,0
UC_NRVt2UP88ZNTwzrZ66JSg,14,1,@aditalissethevasquezrojas8039,aditalissethevasquezrojas8039,0
