id,tipo,n_comentarios,author_name,author_handle,n_videos,title,channel_id,channel_name,category,view_count,n_autores
UC-HeUTT6_g-VoiWds2a4H-w,autor,1,@JorgeMunoz-gd9et,jorgemunoz-gd9et,1,,,,,,
UC-Iul5tDYH_oiAMXQH-KaaQ,autor,1,@AlbertoMancilla-p9h,albertomancilla-p9h,1,,,,,,
UC-QOpE7GOxlXcHZ8b7HbQKA,autor,2,@mariaalexander427,mariaalexander427,1,,,,,,
UC-fiZBS5Gp1eCJd9ucgWnCg,autor,1,@Tommii.10,tommii.10,1,,,,,,
UC-hfX8J5JPJ-dfuakzegMLA,autor,1,@normaleticiaorozcojuarez2418,normaleticiaorozcojuarez2418,1,,,,,,
UC-jS_kA9w-OmpupXDx156Rg,autor,1,@simoncreyesc7579,simoncreyesc7579,1,,,,,,
UC-pNP6RMFuLg_-x7Ah_0kEA,autor,1,@almacatalan2717,almacatalan2717,1,,,,,,
UC094EFEmMSdwVa8NQjjYBXg,autor,1,@CelestinoQuej-j7k,celestinoquej-j7k,1,,,,,,
UC0HvfEWozTHbwl_iEmJNvVA,autor,1,@OttoPalencia-b7r,ottopalencia-b7r,1,,,,,,
UC0RpuMwkDKJYqgKHtsJRuWQ,autor,1,@sabinamarinaguerra3248,sabinamarinaguerra3248,1,,,,,,
UC0aEyakBPqcBkVJiErfSupQ,autor,1,@jhonymanuel9891,jhonymanuel9891,1,,,,,,
UC14qlobYKqD-DO0j6b75lcA,autor,1,@megavision4488,megavision4488,1,,,,,,
UC1DpqK6vaPEkBOMNvypsKYg,autor,1,@HectorCarranza-u4j4o,hectorcarranza-u4j4o,1,,,,,,
UC1NiEdJ7gk6FlDexIalWnGg,autor,1,@BorisTebalán,boristebalán,1,,,,,,
UC1WlJfQmaIskYhP4gmWoamw,autor,1,@marthareiss5434,marthareiss5434,1,,,,,,
UC1Y7x3h0c95Z8kUhi-Tzaeg,autor,1,@rosadiaz9235,rosadiaz9235,1,,,,,,
UC1vr9aaMI2crB0NvwFHUeoQ,autor,1,@JoseSimilox-p6e,josesimilox-p6e,1,,,,,,
UC2Y_EHWQKevubk4vOEBBFxw,autor,1,@alfonsomorales2653,alfonsomorales2653,1,,,,,,
UC2ngpd8UBQu4gcUYy0goAtg,autor,1,@juliohernandez7438,juliohernandez7438,1,,,,,,
UC2weSE8rpqkGMOp6StYtVfg,autor,1,@katerynsantiago2907,katerynsantiago2907,1,,,,,,
UC32oozucwCF3q8d4m8fyOUg,autor,1,@RauldejesusOlivagonzalez,rauldejesusolivagonzalez,1,,,,,,
UC3E9mAgP7VoAE5mZoAexl5g,autor,1,@EnnioAroche,ennioaroche,1,,,,,,
UC3MYTqpQqlWBuCB7Th0e0PA,autor,1,@isaaclopez7220,isaaclopez7220,1,,,,,,
UC3NMzdMYryaw82kPTnsaljg,autor,1,@marisosa7832,marisosa7832,1,,,,,,
UC3UVO7pTbeYvZ3ILEyRDskQ,autor,1,@rosaelenaargueta79,rosaelenaargueta79,1,,,,,,
UC3XTwHxygNCgjndsg-UiCQA,autor,3,@marioajset4283,marioajset4283,1,,,,,,
UC3YpzAr7pcdKC7BVFEpYzog,autor,1,@carmenfigueroa1232,carmenfigueroa1232,1,,,,,,
UC3iIU62XKUOWuqL8BqBzj9A,autor,1,@antonioduarte2288,antonioduarte2288,1,,,,,,
UC3qn1yJA5PeW9rkGPatQxiw,autor,1,@VICTOREST19,victorest19,1,,,,,,
UC4Avya4kmR4Q0FrfFdBozSQ,autor,1,@davidlima1348,davidlima1348,1,,,,,,
UC4cXueR2bKGFJV0Fk76gwmA,autor,1,@aluxdel4792,aluxdel4792,1,,,,,,
UC4kg7zuTfqQKLd2bkZrSYBA,autor,1,@zoilagarcia9019,zoilagarcia9019,1,,,,,,
UC4wq3DcbfaG6dtCqn8Oyu3w,autor,1,@hugoasencio7764,hugoasencio7764,1,,,,,,
UC5H8ASmMC9WrURmzeB4ySog,autor,5,@ManuelEdran,manueledran,1,,,,,,
UC5PrBbmUlQolwqmiru7yZhw,autor,1,@lazarochavez8269,lazarochavez8269,1,,,,,,
UC5PyGvSfFM--OVKmQ3COu6g,autor,1,@FreddyGmez,freddygmez,1,,,,,,
UC5bG9nc_JV3FsNP2KseQiYw,autor,1,@giovannirodas4836,giovannirodas4836,1,,,,,,
UC5fvhAfm89JH8eDFdvc0xYw,autor,1,@isaidiaz2388,isaidiaz2388,1,,,,,,
UC5hvEnRUzI4Kfvwnyi4QxqQ,autor,1,@leonelsantizo5281,leonelsantizo5281,1,,,,,,
UC5wuDq3U3vRAhOQI3D7gNdw,autor,1,@allanreneramirezgonzalez534,allanreneramirezgonzalez534,1,,,,,,
UC63tFvbQ_hJhGDi2nbjssjw,autor,1,@AbigailRodas-w2r,abigailrodas-w2r,1,,,,,,
UC650pRT-OYzny3GwOH8Cgfw,autor,1,@edvinparedesherrera7632,edvinparedesherrera7632,1,,,,,,
UC6PvO1_k5lHKGdAPo5_C6TA,autor,1,@johnmejia992,johnmejia992,1,,,,,,
UC6Uj1FT5JjDSF8vudvDxPAA,autor,1,@alfredoortega9264,alfredoortega9264,1,,,,,,
UC6YSZqL0vEcI-niPKIMUGfw,autor,1,@maxwellsales885,maxwellsales885,1,,,,,,
UC6xI_MOaxajIWpoP8BH6E_Q,autor,1,@jahirdiaz5862,jahirdiaz5862,1,,,,,,
UC72gBAtyb_VXQlYDcFrh6oQ,autor,3,@osmanmorales3012,osmanmorales3012,1,,,,,,
UC7IMsCxfZyWN7YQo8-JYa6Q,autor,2,@Burgos68,burgos68,1,,,,,,
UC7VUuJr9cGh845CmTvf7TlQ,autor,1,@LuisCastillo-oz4df,luiscastillo-oz4df,1,,,,,,
UC7dadZG7kkGYnsNu6td0FbA,autor,1,@lesolorzano,lesolorzano,1,,,,,,
UC816IGbFCZinfYS1LRDaaHg,autor,1,@ingenieroar,ingenieroar,1,,,,,,
UC8F2V63KZ4ZEay6opX2hAQw,autor,1,@carmenr6311,carmenr6311,1,,,,,,
UC8G5cJONY8L9voMyBW8Eoug,autor,1,@luisparedes-pw6qt,luisparedes-pw6qt,1,,,,,,
UC8r11yOugM2NuRfitQOxLLg,autor,1,@cesaraugustomoralesmonroy6907,cesaraugustomoralesmonroy6907,1,,,,,,
UC8xlJWNHz1V_W6q3fbuQH8g,autor,1,@NormaLópez-v7e,normalópez-v7e,1,,,,,,
UC95PSMouTx2N5CbSq0hIyrQ,autor,1,@lisss1908,lisss1908,1,,,,,,
UC9Wp6vL5oCU37qC3Aj94WZA,autor,1,@ManuelSanchez-b8q2z,manuelsanchez-b8q2z,1,,,,,,
UC9vMq1YF-e7C-VO0SHkbUTA,autor,4,@ErvinLeonardoCarreraLatín,ervinleonardocarreralatín,1,,,,,,
UC9xr9QvIcDvoZNUX5f-jaZw,autor,1,@MariaaliciaColonmorales,mariaaliciacolonmorales,1,,,,,,
UCA93ym2TXs_Ibyxb4Vcn-6Q,autor,1,@oswaldosolis8728,oswaldosolis8728,1,,,,,,
UCAKuKvcbfnBD3kF5njNu-IA,autor,1,@melvinlopez7096,melvinlopez7096,1,,,,,,
UCAV7QIjYhbDJaycQycM_0eQ,autor,1,@mariavail8998,mariavail8998,1,,,,,,
UCAlzM_N6xBlMYmM8EBzX86Q,autor,1,@carlossoto3252,carlossoto3252,1,,,,,,
UCAmtbUiIrUIhikru0ZoTFig,autor,1,@Aura-vf6dm,aura-vf6dm,1,,,,,,
UCAxvOOHQk7dYPOajzFEVtbA,autor,2,@ruddydepaz322,ruddydepaz322,1,,,,,,
UCB5p8a5gklc80jJItP6xTHg,autor,1,@ernestogamboa8737,ernestogamboa8737,1,,,,,,
UCBlm80VQ4YoV3bUJR_XhkaQ,autor,2,@rosadiaz6945,rosadiaz6945,1,,,,,,
UCBtB5dIyx-C16UN8ClUD2UA,autor,1,@alexmonzon4257,alexmonzon4257,1,,,,,,
UCCBYcToQ2dwkd6TJh0FSyDg,autor,1,@lidiarodriguez3493,lidiarodriguez3493,1,,,,,,
UCCUmP4PlbwgikVFpYwbtRTg,autor,1,@alhvi,alhvi,1,,,,,,
UCCaYwkkbQGcvFoUmothVdQQ,autor,1,@OsvaldoAguirre-l3i,osvaldoaguirre-l3i,1,,,,,,
UCDIMztpVm7G27qBuiWuT6oQ,autor,1,@lizardomorataya8274,lizardomorataya8274,1,,,,,,
UCDPWkUX3sNNaCx-m1dV4glA,autor,1,@hectoroliva949,hectoroliva949,1,,,,,,
UCDQaQv0hr2SS_PO-CMEwVHg,autor,1,@federicosaquimux1933,federicosaquimux1933,1,,,,,,
UCDUffaruH6dyUnUGwsTKpgg,autor,1,@luisletona2842,luisletona2842,1,,,,,,
UCDftMWXQoJ6nONfY7GVOVjg,autor,1,@luisgpacheco5858,luisgpacheco5858,1,,,,,,
UCDlr1VadSucIZgZ171pRBjQ,autor,1,@cuabatzjj5924,cuabatzjj5924,1,,,,,,
UCDrmf9y9nLgFY5wnA2hTuGA,autor,1,@laboratorio5528,laboratorio5528,1,,,,,,
UCEHXl4VvvVpq-_4xC5tsbhg,autor,1,@anibalg47,anibalg47,1,,,,,,
UCEgEQmRbtL5fwr9_DqAC--g,autor,1,@ArielRodas-g5y,arielrodas-g5y,1,,,,,,
UCErZPJpHmLCsXs8ZWkAUupQ,autor,1,@dorisl.garciaroche7763,dorisl.garciaroche7763,1,,,,,,
UCFFrEmn6lPYiWyElpfzTy5Q,autor,1,@denilsonlopez4083,denilsonlopez4083,1,,,,,,
UCFOxCyF926Y9eHhMeVoWLzw,autor,1,@arielsarc09,arielsarc09,1,,,,,,
UCFUuDARXdmmIrLppEqf-rFg,autor,1,@allanmunoz7410,allanmunoz7410,1,,,,,,
UCFhxtoeARHPnXXPcDrOU3Xg,autor,1,@diegoalejandrolopezmendez205,diegoalejandrolopezmendez205,1,,,,,,
UCFjudnPLoaSL1BaRuLahyHg,autor,3,@HaroldoCastillo-rh9iw,haroldocastillo-rh9iw,1,,,,,,
UCFoIAE8k82D6AV-8gjjKaNg,autor,1,@eddymunoz9789,eddymunoz9789,1,,,,,,
UCFxE8GbokBrBsPEKM1xrOjQ,autor,1,@JuanDavila-qd7qj,juandavila-qd7qj,1,,,,,,
UCFybmWapGvBKcQod7cPPH9w,autor,1,@vitalianochavez8382,vitalianochavez8382,1,,,,,,
UCGGHbtfbbe0o68etrOf0qxw,autor,1,@karensussetteleonvargas9794,karensussetteleonvargas9794,1,,,,,,
UCGX_UbAQOXGZknv5iqklwTA,autor,1,@ronaldgarcia8522,ronaldgarcia8522,1,,,,,,
UCGZMgmM92E3njyXNe9-kjAQ,autor,1,@pasionpornada,pasionpornada,1,,,,,,
UCGj2v6Gl5bN8NSrzJMXS-CA,autor,1,@juliogutierrez492,juliogutierrez492,1,,,,,,
UCGm3gRBEHGRJYmtCryZLtDw,autor,1,@JoséLopez-g6k,josélopez-g6k,1,,,,,,
UCGqKxQS-z3NZzZF-2w338AA,autor,1,@samuelaguilar529,samuelaguilar529,1,,,,,,
UCGzXwyCzMzGmjmCbH3Hg01Q,autor,1,@FidelZacarias-ph7dy,fidelzacarias-ph7dy,1,,,,,,
UCHGd14aYuZZShLD73dkk6mg,autor,1,@noemiherrera3152,noemiherrera3152,1,,,,,,
UCHMQ_lDhibZ-XZ_3fo6oxwg,autor,1,@crislexrubi4387,crislexrubi4387,1,,,,,,
UCHTGCgY2l-DQJIvlA_cpa_Q,autor,3,@virgiliogarcia3039,virgiliogarcia3039,2,,,,,,
UCHbwIx9pmQuf7i-4_xO2EpA,autor,1,@caminoseternos752,caminoseternos752,1,,,,,,
UCHhHUjaMAZ8SiXdCUCj9DkQ,autor,2,@fredymendez1786,fredymendez1786,1,,,,,,
UCHu8x4MVkayU6VgwVKd--MQ,autor,1,@Hernandez-i1o,hernandez-i1o,1,,,,,,
UCIUhbSCy3-SGRe5UtqM4fzQ,autor,1,@jeanmorales1677,jeanmorales1677,1,,,,,,
UCIXLDYqR_syskKRJy_x9W9Q,autor,1,@carlitosramirez4739,carlitosramirez4739,1,,,,,,
UCIgoiXdIKJyUGmUoH2Lxdzg,autor,1,@susievidal4134,susievidal4134,1,,,,,,
UCIp19h9igblA2YKfSLPDAug,autor,1,@JoseReyes-rn6sh,josereyes-rn6sh,1,,,,,,
UCJp3OrVYcBorC94sKwdch_A,autor,1,@ULJoshmg2011,uljoshmg2011,1,,,,,,
UCJxJC56BSAX-ArD0NAb9qnQ,autor,1,@alfonsowilian9157,alfonsowilian9157,1,,,,,,
UCKDR0f2fu2UzWL8mBv5-BHw,autor,1,@mireyamorales6595,mireyamorales6595,1,,,,,,
UCKVzDUqbtdSMBcexaEtMmzQ,autor,1,@rotorairgroup8409,rotorairgroup8409,1,,,,,,
UCL13XhnRzbGokEkCkEOb0-g,autor,2,@raquelprado3643,raquelprado3643,1,,,,,,
UCL1MT278vSaQ83ZDkVWn1gw,autor,1,@elmorodriguez6978,elmorodriguez6978,1,,,,,,
UCLFdHr9BEbXHkoJopbEPLZw,autor,2,@kanterra4584,kanterra4584,1,,,,,,
UCLXYp1Cvc5DLtq5UQL5D9vw,autor,1,@jorgecifuentes-m5g,jorgecifuentes-m5g,1,,,,,,
UCLggDc_a5HriXv7I1h02sOA,autor,2,@guillermogonzalez5153,guillermogonzalez5153,1,,,,,,
UCLh1Kde4_vI1sTZBkTNP7RQ,autor,1,@JoelReynoso-d4r,joelreynoso-d4r,1,,,,,,
UCN2N_wYOw6fMwCeSzdXLPIw,autor,1,@danielantoniogonzalezflore4901,danielantoniogonzalezflore4901,1,,,,,,
UCN6qbfPSzFtjhqUDZ3Cv3CQ,autor,1,@carlosmedranovelasquez6380,carlosmedranovelasquez6380,1,,,,,,
UCNBnKqWf4d-rS4HwJRQljmQ,autor,2,@LE_A22,le_a22,1,,,,,,
UCNIeXbV_mEwpa412h1aqUWw,autor,3,@juandeleon9060,juandeleon9060,1,,,,,,
UCNiMNUJvaRJb0_QLClqwVnA,autor,1,@Santiago.Nolasco,santiago.nolasco,1,,,,,,
UCNkcuy42zEwddwEcOd_HpnA,autor,1,@vanigomez492,vanigomez492,1,,,,,,
UCNpt5CQlTzNjlAKY6CJtClQ,autor,1,@eustaquiogomez9975,eustaquiogomez9975,1,,,,,,
UCO0zwwLWGyDgQmWPJ5Qrr1w,autor,1,@elsalvador3605,elsalvador3605,1,,,,,,
UCOARn3hnfkB7-_Rwa8Hoqcw,autor,1,@nicelol5241,nicelol5241,1,,,,,,
UCOLGv5Pf6BF2wFcwUzgcvHg,autor,2,@welfrealdana5559,welfrealdana5559,1,,,,,,
UCOLHH4ZpMxPYF-Q6e6wvn5A,autor,1,@luisroldan7374,luisroldan7374,1,,,,,,
UCOS8ViEkccrTZx2w2ccxotA,autor,1,@OscarHernandez-q8y,oscarhernandez-q8y,1,,,,,,
UCOY3XpD9qMCRSA8AA8c4CAw,autor,1,@franciscorodas9686,franciscorodas9686,1,,,,,,
UCOcUI5XkTYNMSFhZNMIPpGg,autor,1,@hendersonlopez3864,hendersonlopez3864,1,,,,,,
UCOh6DaZC_x9HASnlRylEMfw,autor,1,@AndresMedina-v1s,andresmedina-v1s,1,,,,,,
UCPLW0HE3siElqCgXfgWxMqg,autor,1,@elizabethmonterroso7719,elizabethmonterroso7719,1,,,,,,
UCPNXmbOBVeC4HS-xemvcPtQ,autor,1,@BelkisRodriguezRamirez,belkisrodriguezramirez,1,,,,,,
UCPZueDLrCS4BmTBRMA4q0fA,autor,1,@kevinochoa3695,kevinochoa3695,1,,,,,,
UCQIdKuZ-OzuFqy0KjGrgesg,autor,1,@lyacausa,lyacausa,1,,,,,,
UCQM2tCKRRytVDRxNUfCDqQQ,autor,1,@elioelias7267,elioelias7267,1,,,,,,
UCQMMuADgqWUOcJpLwHOzC-g,autor,1,@Ripped-Yoda,ripped-yoda,1,,,,,,
UCQ_-LPP8JAbfkc-b1Q6NvWw,autor,2,@MegaKristenstewart,megakristenstewart,1,,,,,,
UCQgYjVngJRfPHDLGB5X6ZjA,autor,1,@oscarnavas9996,oscarnavas9996,1,,,,,,
UCQqetiwzzmRNTM5OWuXarGQ,autor,1,@isaiaslopezvelasquez1539,isaiaslopezvelasquez1539,1,,,,,,
UCQqlPPUGqAfWjd-FSh_qn7Q,autor,1,@estuardoargueta137,estuardoargueta137,1,,,,,,
UCQtICyzWmhC5woCtbNgaSmg,autor,2,@nestormendez6216,nestormendez6216,1,,,,,,
UCQtSFINs1h6GHkpg9o5kMvg,autor,1,@MacarioMartinezruiz,macariomartinezruiz,1,,,,,,
UCQyOePccUP-fIJYzchAgZYw,autor,1,@aguilar4254,aguilar4254,1,,,,,,
UCRAquv8el-tQ30bN7MlmySQ,autor,1,@iamjimalesssa,iamjimalesssa,1,,,,,,
UCRETAiYdh2dL5ZxB0_N1zDA,autor,1,@Joseroland21,joseroland21,1,,,,,,
UCRcSR3Lvn9DZAmJpVPANfZQ,autor,1,@WalksandSuch,walksandsuch,1,,,,,,
UCRelkU8JiZBytTzebJxaa-w,autor,1,@danyraymundo2942,danyraymundo2942,1,,,,,,
UCRfkkatKrNtAARnXMMYBGlA,autor,1,@BernerSoza-mg3vx,bernersoza-mg3vx,1,,,,,,
UCRlCV9zSn7avAWh-9_XFWqQ,autor,1,@ronyarana8849,ronyarana8849,1,,,,,,
UCRvPToDkkumha7WJAfCDk1A,autor,1,@ligiaguerra3057,ligiaguerra3057,1,,,,,,
UCRznz9-N3Qc1w-qNdLSIY2Q,autor,1,@jimmygomez724,jimmygomez724,1,,,,,,
UCSTAUWVc1_82DHYeqOsqEFA,autor,1,@TheAlexX_C,thealexx_c,1,,,,,,
UCSou6a2OuYGSvPjm5psquyA,autor,1,@FranciscoRivera-sf7ne,franciscorivera-sf7ne,1,,,,,,
UCTD6q1nyIe3Y7HhqjaMj72w,autor,1,@JuanChang-r6k,juanchang-r6k,1,,,,,,
UCTP3O0rMnc8z8v8jaDQwL0w,autor,1,@RobertoZelaya-x1v,robertozelaya-x1v,1,,,,,,
UCTTILH6QCIxbTnEWxwRqs1g,autor,1,@3762Jorge,3762jorge,1,,,,,,
UCThW2XNsAaBKme5PUt7n-Zg,autor,1,@thelmamoran8565,thelmamoran8565,1,,,,,,
UCTwSut16JyAg3mX6LVUNGqA,autor,1,@SuperVictor2005,supervictor2005,1,,,,,,
UCTylKrsqkrBKIqubMu_5N0Q,autor,1,@edwingeovanymarroquinmarro6684,edwingeovanymarroquinmarro6684,1,,,,,,
UCUIIIPTVDVHAXqhC_5V6lPA,autor,1,@gorrarota,gorrarota,1,,,,,,
UCUoYsrx1oZnCZ0usbBJn4fA,autor,1,@AnaDiaz-re9sq,anadiaz-re9sq,1,,,,,,
UCV0iizTBoOfdAFX_thfI9BA,autor,1,@BenjaminLarios-jd8nk,benjaminlarios-jd8nk,1,,,,,,
UCV0lM03g5fg5pbPj97-sAtA,autor,1,@genarodelgado3929,genarodelgado3929,1,,,,,,
UCV3fr-YOixFKCZBbJP1-X4w,autor,5,@albertoshernandez5251,albertoshernandez5251,1,,,,,,
UCVC2QugcI1G4RvlCiUqd1aQ,autor,2,@rwdm76,rwdm76,1,,,,,,
UCVQf0tzL7xRzFJsABVVULpg,autor,1,@DennisseLopetegi,dennisselopetegi,1,,,,,,
UCVdjCrh4tQoX3haNAZv-n5A,autor,1,@aurahernandez5646,aurahernandez5646,1,,,,,,
UCVhif9eV0f8plICen2DnpKA,autor,1,@blogarteplus,blogarteplus,1,,,,,,
UCW-JC6lebVmf2P1dmY_L94g,autor,1,@dinoraoroxon5771,dinoraoroxon5771,1,,,,,,
UCW80DaMjQlEUibC98Cot-Dg,autor,1,@rogeraldana4289,rogeraldana4289,1,,,,,,
UCWIZUtKJ636y-4TYrNvok0g,autor,1,@cesarandreas7824,cesarandreas7824,1,,,,,,
UCWWkebAekppaL5b5CNlppuw,autor,1,@ninettmartinez425,ninettmartinez425,1,,,,,,
UCWaRixDdpgllTBf4V0jPnKQ,autor,2,@hectormaaz5523,hectormaaz5523,1,,,,,,
UCWoAVGVqCn4xtINCMOTM4jg,autor,1,@OmarMartinez-vv8re,omarmartinez-vv8re,1,,,,,,
UCWvntqPQx99k_Z_skWKqNSA,autor,1,@AntonioChiyal-x5s,antoniochiyal-x5s,1,,,,,,
UCXN2s7DwTJm33xO-pNkAdaA,autor,1,@edithsan7688,edithsan7688,1,,,,,,
UCXO1BBohNWXkK9SBDAG2ySg,autor,1,@JBFlute92,jbflute92,1,,,,,,
UCXSkL3ejZ8qWYyF_M7s_QKA,autor,1,@JacintaTzoy,jacintatzoy,1,,,,,,
UCXVLc8CmAO813ubM-fLvCDw,autor,1,@herminiasaquimux7565,herminiasaquimux7565,1,,,,,,
UCXXh7yg5KUFIWylTiKVEFKQ,autor,2,@MrDuenderojo,mrduenderojo,1,,,,,,
UCXgr7vXlRrsaskPdo097kGA,autor,1,@Rogergh-nw4oj,rogergh-nw4oj,1,,,,,,
UCXl30Y_upRqbti52fmjK4YA,autor,1,@capitanfrans,capitanfrans,1,,,,,,
UCXmrpc6Li0spcKxtS0Q_ptg,autor,1,@melvinperez6710,melvinperez6710,1,,,,,,
UCXr8_5WtGeipe4haOoQDgyQ,autor,1,@amyherrera7352,amyherrera7352,1,,,,,,
UCY7Hq7F9Lnucf-Yr6JkHZNw,autor,1,@maynorcalel1442,maynorcalel1442,1,,,,,,
UCYN4wSQ1Sx4_LurxLlW7MPg,autor,1,@belarminavillatoro6474,belarminavillatoro6474,1,,,,,,
UCYwpX26TrCxq8TvbKGRYLXA,autor,1,@beneficioelcaminovillacana8540,beneficioelcaminovillacana8540,1,,,,,,
UCZ51R_9Q9C0c8I3pAWhtmjQ,autor,1,@belvettzapeta1251,belvettzapeta1251,1,,,,,,
UCZFQwqh90apuL8eFhvRBkUg,autor,1,@luisricardo9671,luisricardo9671,1,,,,,,
UCZIQnb1fkwe39Iw2TAu-bGA,autor,1,@jorgegomez2237,jorgegomez2237,1,,,,,,
UCZLG9qH0tUjNhEGFIUt0CYw,autor,1,@SoniaMarroquin-y6e,soniamarroquin-y6e,1,,,,,,
UCZOmq6MwFDVoCaEl99BRRaw,autor,1,@daniloarevalo3170,daniloarevalo3170,1,,,,,,
UCZeIIQrGAedW8tCbKWmGY-A,autor,1,@mariocordon8873,mariocordon8873,1,,,,,,
UCZjm6U576nX8WOiLhmMR3bw,autor,1,@MariaNavarroYT,marianavarroyt,1,,,,,,
UC_3xuTXvMIWU5MYP9HkJ3vQ,autor,1,@Historia-wm4os,historia-wm4os,1,,,,,,
UC_6KbBY1bsYXz9fwFS0eQRg,autor,1,@imrcp5694,imrcp5694,1,,,,,,
UC_LYoGs5C3mbZKZuKuqYCvw,autor,1,@javiercifuentesarchila6041,javiercifuentesarchila6041,1,,,,,,
UC_NRVt2UP88ZNTwzrZ66JSg,autor,1,@aditalissethevasquezrojas8039,aditalissethevasquezrojas8039,1,,,,,,
UC_ljZ1hZXR9pzexFz87P5ZA,autor,1,@ChRiStOpHeR7969,christopher7969,1,,,,,,
UCa36MjQLoPAmgJo-R3G8WQA,autor,1,@elsasalguero6914,elsasalguero6914,1,,,,,,
UCaKAjTW9MVub_clgr4DRYjQ,autor,1,@josecastillo4390,josecastillo4390,1,,,,,,
UCaT4saRcyqCLE657Rq2hhZQ,autor,1,@elmilenial4064,elmilenial4064,1,,,,,,
UCaT6M2zp7X6r6Whd8Vv3kHQ,autor,1,@alexarcos8349,alexarcos8349,1,,,,,,
UCat2qkYvqmtDNEmo2PVuhXw,autor,1,@DoraSalas-j5o,dorasalas-j5o,1,,,,,,
UCbNanjFI51cwGqMAb2rOrBw,autor,1,@RosaMontesdeOca777,rosamontesdeoca777,1,,,,,,
UCbYoNG5J3Au5BqtbXogfEFw,autor,1,@Luis-gn3fj,luis-gn3fj,1,,,,,,
UCbrtvygfRT6QXqWDNrOf-cA,autor,2,@Alejandro00710,alejandro00710,2,,,,,,
UCcFIBN-rtC3d3hXeuN5TfWw,autor,1,@DenisRMC,denisrmc,1,,,,,,
UCc_F88PzGWtA1OPNUEASulA,autor,1,@rockyscarlet,rockyscarlet,1,,,,,,
UCcfdg8crmMJwEuLUsAhV7yg,autor,1,@RolandoRaguay,rolandoraguay,1,,,,,,
UCdFlugHJJa4l3YqWuNRmvXw,autor,2,@MarcosCarillo-b1r,marcoscarillo-b1r,2,,,,,,
UCdQAuWwyC99MB7Y02Umj26Q,autor,1,@miguelbran1268,miguelbran1268,1,,,,,,
UCe8JZoYkX5oKUZyivHYdXhw,autor,1,@FernandoGarcia-jg1fj,fernandogarcia-jg1fj,1,,,,,,
UCeDNEtI8_a42bZ47wJiJMwQ,autor,1,@EdgarcalderonCalderong,edgarcalderoncalderong,1,,,,,,
UCeQk-WfEA-cJRq4EKeE7TOw,autor,1,@franciscojuarez9223,franciscojuarez9223,1,,,,,,
UCefAH1MbvADWUjE9WVcB9EQ,autor,1,@jabriz8152,jabriz8152,1,,,,,,
UCf5lnNZF7Qrtli9v4N_23WQ,autor,1,@CarlosCortez-v5r,carloscortez-v5r,1,,,,,,
UCfM3nrxtTQMY5jFx1v1J4Gg,autor,1,@edgarroldan5539,edgarroldan5539,1,,,,,,
UCfRqgt2O-vjzUDMZY_tnxQw,autor,1,@Williams-Garcia67E,williams-garcia67e,1,,,,,,
UCfXykdbSU97rj987LDUGfvg,autor,1,@MariaSantos-c8y3h,mariasantos-c8y3h,1,,,,,,
UCfjhejO7LZy4doXURa7LZCQ,autor,1,@HonwayLee-z5g,honwaylee-z5g,1,,,,,,
UCfo_yUPzy1f1POwwZxhZ06Q,autor,1,@lara11roberto,lara11roberto,1,,,,,,
UCg3eIfd7BrsLEqS0BLkftHA,autor,3,@ErmePérez-q4s,ermepérez-q4s,1,,,,,,
UCgGqw4aqMdMVSGkKiMgrJRQ,autor,1,@pattyfigueroa5609,pattyfigueroa5609,1,,,,,,
UCgJNFj5dnxXpcMvmuhZDPxA,autor,1,@NataliaRodriguez-rx5mr,nataliarodriguez-rx5mr,1,,,,,,
UCgLrWFdYitoP-b7-PxtUr-w,autor,1,@zetag,zetag,1,,,,,,
UCgLurCo-e019HGODcjXHWCw,autor,1,@perritojuega1,perritojuega1,1,,,,,,
UCgQJgI9vu1FI2dnC9mrFthw,autor,1,@srms70,srms70,1,,,,,,
UCgQw_Sbq3ugruDUKsq1e0-A,autor,1,@marlenareano-h4t,marlenareano-h4t,1,,,,,,
UCgvw7xIdGFupzpt1Y_BFkEA,autor,1,@fredygarcia9151,fredygarcia9151,1,,,,,,
UCh5ESQvtzyHDhCA7XyekCFA,autor,3,@andyB5280,andyb5280,1,,,,,,
UChT7pzGytNd92Nmvi-zuWog,autor,1,@sparkvalkov,sparkvalkov,1,,,,,,
UChZknRmJkeGeQk0-mQuhDOg,autor,1,@OdilioRodríguez-c5w,odiliorodríguez-c5w,1,,,,,,
UCheEJ5GZuIvV0fj-nXyVwXw,autor,1,@rosaoliva9389,rosaoliva9389,1,,,,,,
UChep9kVb5gQmpodEEl10Xlg,autor,1,@carlosaguilar-kz7ml,carlosaguilar-kz7ml,1,,,,,,
UChgkn5Jt5tWKYMoEOuCjz3Q,autor,1,@pablochitay46,pablochitay46,1,,,,,,
UChs3tU2BcKOT0CezykvAsGw,autor,3,@byronpontaza,byronpontaza,1,,,,,,
UChyps3dqY-VY1_wLeq-2lhw,autor,1,@maydamorales4395,maydamorales4395,1,,,,,,
UCi-vPdnpQreC7BkFs40mJGA,autor,1,@bryansicasales4280,bryansicasales4280,1,,,,,,
UCi1b_TRQfgO1Z9O2gNGGWNA,autor,2,@davidisraelesquitsaquil,davidisraelesquitsaquil,1,,,,,,
UCi2KiZq63sRq8Mfbcp-MelQ,autor,6,@eugeneramirez4405,eugeneramirez4405,1,,,,,,
UCiC-Jn7wdgyQV4_Urk0DkWQ,autor,1,@pedroros6358,pedroros6358,1,,,,,,
UCiGRBf2RNF0WRKhRVT7zFoA,autor,1,@edwinavila4876,edwinavila4876,1,,,,,,
UCiMythXHsw7eQEMykCdmMUA,autor,1,@JavierBecerra-h6x,javierbecerra-h6x,1,,,,,,
UCiOZX__1gahg1ypIj0_XG_w,autor,1,@mariogonzalezorellana8956,mariogonzalezorellana8956,1,,,,,,
UCipetjeiWj4CZB6EbyYziZg,autor,1,@OseasSamayoa-ol5rz,oseassamayoa-ol5rz,1,,,,,,
UCj-LL25XJnjxepPKCc3NGog,autor,1,@anaaguirre8985,anaaguirre8985,1,,,,,,
UCjJf-AJKRFFWtiN-CSwkDmA,autor,1,@2jose82,2jose82,1,,,,,,
UCjSKM9j0Q7HLDr1hD6D-TUw,autor,1,@josehidalgo4875,josehidalgo4875,1,,,,,,
UCjZgFEowMBrsjodqfovzdKw,autor,2,@franciscoflores3120,franciscoflores3120,2,,,,,,
UCjmPuazZJzscrwvk0QR9RVw,autor,1,@mynorrodas8591,mynorrodas8591,1,,,,,,
UCk4O-J1BhoqPmig1KLGJePA,autor,1,@lazarobarillas3575,lazarobarillas3575,1,,,,,,
UCkVtmkK07b2zaVVNssX4lOg,autor,1,@HectorElias-u2l,hectorelias-u2l,1,,,,,,
UCkbsS_3D-pvg1iHOld9uvIg,autor,1,@gonzalo6075,gonzalo6075,1,,,,,,
UCkd9W714-947dEE6ZOEBATA,autor,2,@ARGELIATELON,argeliatelon,1,,,,,,
UCkxdJ_yGN2gghOMo2ybQtXQ,autor,1,@11223344An,11223344an,1,,,,,,
UCl0ekS9Tt0jJGtOEM18S63w,autor,1,@monkchapin,monkchapin,1,,,,,,
UCld2stqxaVSk0QdGncM224A,autor,1,@sarahernandez3873,sarahernandez3873,1,,,,,,
UClhMWQ7XKWywYvbRnuf8QsA,autor,1,@EcPerez-zz9oh,ecperez-zz9oh,1,,,,,,
UCljDbleJul41G1TzOjOZAVA,autor,1,@hectorcarranza3777,hectorcarranza3777,1,,,,,,
UClqA491Xa5fQcXcJJa-vTWw,autor,1,@AndresLemus-k2d,andreslemus-k2d,1,,,,,,
UClsrFGJKWPxxw7MiaEdKLXw,autor,1,@ericapaz5406,ericapaz5406,1,,,,,,
UCmjppp6ujz3SAnULvP3sZMw,autor,1,@marcomendez7509,marcomendez7509,1,,,,,,
UCmvOgzmmXbjUthHy-WJ52hQ,autor,1,@mariorodas593,mariorodas593,1,,,,,,
UCnU8wO1OurAmGstDw6VGjgQ,autor,1,@cmorera21,cmorera21,1,,,,,,
UCoGdCoJg2Lh0OX_jv6cG16g,autor,2,@Israel-u5i7i,israel-u5i7i,1,,,,,,
UColMq7LmaoY3MT6aIDGrGvA,autor,1,@quijotachapina1,quijotachapina1,1,,,,,,
UCozFYHN0e_-vlQbX3wQGOug,autor,1,@jesusguzman2321,jesusguzman2321,1,,,,,,
UCp29O_C7cchZV8IxV7Crdag,autor,2,@robertoescobar5507,robertoescobar5507,1,,,,,,
UCp4iw5_5SmV9VGTFSNVGOmQ,autor,1,@CARLOSSTREMS51,carlosstrems51,1,,,,,,
UCpIdtvoFHVLGASGB5ySqIEA,autor,1,@VidalVillatoro-p4w,vidalvillatoro-p4w,1,,,,,,
UCp_dAUfv8i3LW3zWc24dLaQ,autor,1,@MarioCortez-o6v,mariocortez-o6v,1,,,,,,
UCpe5jW3MIqkgTJ-PgkzvM6Q,autor,1,@carloslam5333,carloslam5333,1,,,,,,
UCpl8rF8uv_8uui-QRvuJaRA,autor,1,@SergioGarcia-z9c,sergiogarcia-z9c,1,,,,,,
UCplrIQtaPj6au60_f2-mOYw,autor,1,@romeolopezherrarte799,romeolopezherrarte799,1,,,,,,
UCpsKOkt5iWTbenzeuq7dsmQ,autor,3,@inge_vergueta,inge_vergueta,3,,,,,,
UCq3mDTTRZnUybct5M9OSXbg,autor,1,@MacoMorales-i2i2d,macomorales-i2i2d,1,,,,,,
UCqCrvuoJpC-aVb0f4logQRQ,autor,1,@Lyrics_GT,lyrics_gt,1,,,,,,
UCqilIa8r7iek5sGYg_q6ofA,autor,1,@rolandojuchuna484,rolandojuchuna484,1,,,,,,
UCql1n3Ey6ULMSOACjMe-fxQ,autor,1,@RolandoGonzalez-o7g,rolandogonzalez-o7g,1,,,,,,
UCr1emrogPKkKTs_WTtx71xg,autor,1,@domingopeneleu6457,domingopeneleu6457,1,,,,,,
UCrJn_rbo_ENAdeqneS-RmRw,autor,2,@josecarrera9623,josecarrera9623,1,,,,,,
UCrqXyRsg-_hTosURZ-uvoKg,autor,1,@flornolberto2425,flornolberto2425,1,,,,,,
UCsGoJEvb-cFPZ2rWoJcXzEQ,autor,1,@sergiohinestroza9709,sergiohinestroza9709,1,,,,,,
UCsJJAvrVGupdmhOqgtDp8dg,autor,1,@nestorlorenzana1168,nestorlorenzana1168,1,,,,,,
UCsSXdJct-nsS8DsABoEsaYA,autor,1,@IvánPérez-j4j,ivánpérez-j4j,1,,,,,,
UCsUCN0Yq_UyTvKjOJLmNrnQ,autor,2,@moisesvaldez4043,moisesvaldez4043,2,,,,,,
UCs_5qeqdku9tGAq22y3OcuQ,autor,1,@alexandrevasquez4135,alexandrevasquez4135,1,,,,,,
UCsjs5Hp_r86x1xbK6FAeqaA,autor,1,@alvaroesquivel563,alvaroesquivel563,1,,,,,,
UCtCtts20bW6F9CSohau51Iw,autor,2,@carlosgranados9875,carlosgranados9875,1,,,,,,
UCtMBF_1O2jY2INlb_luuB_A,autor,1,@mynorgudiel8646,mynorgudiel8646,1,,,,,,
UCtNfIBnc5S5DbbQj_yxgJTw,autor,1,@JosueRamirez-ey3ih,josueramirez-ey3ih,1,,,,,,
UCtNyHmRZtvGF2hSvI2dUBWw,autor,2,@aureliomaldonado4793,aureliomaldonado4793,1,,,,,,
UCtUR3_CAiE7fCoZHM6cMfyQ,autor,1,@mdelcid01,mdelcid01,1,,,,,,
UCtiHFjFu7d5v2XxHnKFUYig,autor,1,@Paul-gf7ec,paul-gf7ec,1,,,,,,
UCtowGNY2lnlg6O2CkwDgkLg,autor,1,@taniagabrielacelis8434,taniagabrielacelis8434,1,,,,,,
UCtsxPYw8VUsH_FfnKg-0lmw,autor,1,@AlejandroPérez-b6r,alejandropérez-b6r,1,,,,,,
UCu8_3-Wg-YzNyvHYQDEscfw,autor,1,@RolandoCastroPérez-d7y,rolandocastropérez-d7y,1,,,,,,
UCuP4UK33HKtJE_S39ksmaTw,autor,1,@herbertaguilar1387,herbertaguilar1387,1,,,,,,
UCuXmOjxC-htcprLgeVXz6Tg,autor,1,@jorgeaguilar-bq3uj,jorgeaguilar-bq3uj,1,,,,,,
UCueV9cTyTDwgQSec1x2dYgA,autor,1,@fredydomingo7062,fredydomingo7062,1,,,,,,
UCujPF2nBgsTD62nWE3lcpIg,autor,1,@victorarturoruanobautista7588,victorarturoruanobautista7588,1,,,,,,
UCusjriFsDHEc2AOjqk-p5ig,autor,1,@pablobarrios7931,pablobarrios7931,1,,,,,,
UCut6b9S98nv84cVX89PmKzA,autor,2,@yeniferaguirre4498,yeniferaguirre4498,1,,,,,,
UCvApqeCbLod-wejtT4CcVuA,autor,1,@davidgaher9550,davidgaher9550,1,,,,,,
UCvDwJBBY1mHK70aTEYl6rsA,autor,1,@cristianescobedo8296,cristianescobedo8296,1,,,,,,
UCvcu1kR8xMYy_I1Ty-2mV2Q,autor,4,@hashojea7348,hashojea7348,3,,,,,,
UCvl1tzQeBeGy6efPTRJXSCw,autor,1,@RaulPerez-cw2vi,raulperez-cw2vi,1,,,,,,
UCwCfs-2zbD5k0lG-UVg_JBw,autor,1,@JessicaHuaz-96,jessicahuaz-96,1,,,,,,
UCwEe1RKlEv1UpNWmWYfSh4w,autor,1,@marioramirez299,marioramirez299,1,,,,,,
UCwO2SXr0ggzwg6QWWrr01nQ,autor,1,@ricardofigueroa5720,ricardofigueroa5720,1,,,,,,
UCwUAv3_LpWVtTIi7lkmTL7A,autor,1,@kingr4706,kingr4706,1,,,,,,
UCwW2OFy95P7ZBkOPxWkpvYg,autor,2,@TeresaLucero-b5o,teresalucero-b5o,1,,,,,,
UCwgCc9Jd_gG-uLE_SY-FfPg,autor,1,@armindapenados2841,armindapenados2841,1,,,,,,
UCwha8rxULYMVtNwZWeSkE1A,autor,1,@mariasamo8637,mariasamo8637,1,,,,,,
UCwjUvRseNtJoItylIyIez7Q,autor,1,@Silviazea,silviazea,1,,,,,,
UCwxoKK59nGCeBqB2sXfDBIw,autor,1,@vic-bonivideos,vic-bonivideos,1,,,,,,
UCxKR3RA8T-kxMgq_2WWhRcQ,autor,1,@elenaluarca9377,elenaluarca9377,1,,,,,,
UCxcoDvP-g2_KTZDmVZtvb3w,autor,1,@angelmartinez9523,angelmartinez9523,1,,,,,,
UCxff05WuyvwELNITi7bj7UA,autor,1,@markoherrera,markoherrera,1,,,,,,
UCxhtlxPV8AYWaNNyU6S9H8Q,autor,1,@WilR-s8r,wilr-s8r,1,,,,,,
UCyJhqmMbsvjpoarBBStA2kg,autor,6,@Murmullodelbarrio,murmullodelbarrio,1,,,,,,
UCySYJU5kUh7X8gVt9la2ISA,autor,1,@dantesarti4351,dantesarti4351,1,,,,,,
UCyW68EGZey4ao_Vf2cR5Ztg,autor,1,@ZabalaXabier,zabalaxabier,1,,,,,,
UCylqlpsh8ENNM1LqgQ1KbxA,autor,3,@Jel.Awesh.M,jel.awesh.m,2,,,,,,
UCyor0Mmm0ivLX2jIdyGp84Q,autor,1,@MiguelJordan-n3g,migueljordan-n3g,1,,,,,,
UCyzf29IYjNw67gGIfsjgtxA,autor,1,@carlosoliva9249,carlosoliva9249,1,,,,,,
UCz3gu01bmjNv0DpRq-K3XYg,autor,2,@eusebiovasquez4385,eusebiovasquez4385,1,,,,,,
UCzSfZlOVxBSs5ObD25ywxDQ,autor,1,@GilmarMaldonado-q9m,gilmarmaldonado-q9m,1,,,,,,
UCzZ6dDCEsLMXbc5pCFXIprw,autor,2,@josegil3813,josegil3813,2,,,,,,
UCzoL2l5H5eVlorWGH8AZfAg,autor,1,@jor77cas,jor77cas,1,,,,,,
06mFNPU0aB8,video,14,,,,Capturan a presuntos delincuentes disfrazados de mujer señalados de cometer asalto,UCVpSRoZgngfSL03Nlbjtq9A,Noti7,News & Politics,6692,13
3Nfp9h5avBI,video,2,,,,"Noticiero en Directo 1 pm, 28 de Agosto de 2026",UCdSVqHGHzyMTXSafUHY-e-w,Noticiero Guatevisión 13 Hrs.,News & Politics,573,2
6W4u8sGEnGM,video,45,,,,Inician los trabajos de recuperación del Puente Belice II.,UC-ZtFBHzgkYFh7whZkuR_Ag,Gobierno de la República de Guatemala,Entertainment,11670,32
JkpVO1hx2f8,video,3,,,,10 Preguntas a un año del Paro Nacional,UCE4rsXcgDb6e1-a9iTbWzfg,Quorum,News & Politics,673,3
OkXlHx0hx-8,video,25,,,,EE.UU. envía a mexicanos deportados a Guatemala antes de su regreso a México | Noticias Telemundo,UCRwA1NUcUnwsly35ikGhp0A,Noticias Telemundo,News & Politics,14200,18
PjmxCj-a9Hg,video,25,,,,Conferencia de Prensa del Gobierno de Guatemala. #LaRondaGt,UC-ZtFBHzgkYFh7whZkuR_Ag,Gobierno de la República de Guatemala,Entertainment,3628,19
TT4qJ5FXHYE,video,4,,,,"I’x K’at: el primer equipo guatemalteco de pelota maya, conformado únicamente por mujeres.",UCE4rsXcgDb6e1-a9iTbWzfg,Quorum,News & Politics,1075,4
UhL9y3KUl8E,video,1,,,,SHAI WA: la vecina queer de Casa Presidencial,UCE4rsXcgDb6e1-a9iTbWzfg,Quorum,News & Politics,1755,1
WIUZtitfLRw,video,6,,,,Caminar en una ciudad hecha para carros,UCE4rsXcgDb6e1-a9iTbWzfg,Quorum,News & Politics,422,6
X_FAIef8qlE,video,1,,,,Cruzando la ciudad a puro Transmetro,UCE4rsXcgDb6e1-a9iTbWzfg,Quorum,News & Politics,1140,1
b_Hkrkl3adA,video,7,,,,Bloqueos en Guatemala este 31 de agosto por alza en combustibles afectan rutas principales,UCEepOY2svuxbsJ-zsAPT9Fg,PrensaLibreOficial,News & Politics,5469,7
is3Mk5oC19g,video,7,,,,Capturan a ladrón que había quedado grabado mientras robaba en una parroquia de Retalhuleu,UCt5Dw7ePnn0AqPqRF8Xpjkw,TN23 Guatemala,News & Politics,4616,7
j43HgwYFKfk,video,50,,,,La cooptación de Walter Mazariegos en la USAC,UCE4rsXcgDb6e1-a9iTbWzfg,Quorum,News & Politics,10156,49
lj983NWyAQY,video,25,,,,Plan 2032 Ciudad de Guatemala,UCXa6LVjBzUtmcM3cwbd9e2w,Municipalidad de Guatemala,News & Politics,304089,25
n8iP75gIpmw,video,161,,,,Qué rico come tu diputado,UCE4rsXcgDb6e1-a9iTbWzfg,Quorum,News & Politics,11775,128
ndAZjHqzzT8,video,12,,,,Internet: escoger el menos malo,UCE4rsXcgDb6e1-a9iTbWzfg,Quorum,News & Politics,717,10
s0eco-BofOs,video,1,,,,¿Quiénes pagan más en Centroamérica?,UCE4rsXcgDb6e1-a9iTbWzfg,Quorum,News & Politics,220,1
yLZS3JiEBg8,video,16,,,,Arroz con pollo a la MONOPOLIO,UCE4rsXcgDb6e1-a9iTbWzfg,Quorum,News & Politics,1954,16
zweosulrwA8,video,1,,,,Edén por Salud: empleo inclusivo para personas con discapacidad en Antigua | Super - Episodio 2,UCE4rsXcgDb6e1-a9iTbWzfg,Quorum,Nonprofits & Activism,52,1
