comment_id,video_id,author_channel_id,channel_id,channel_name,etiqueta,prob_pos,prob_neu,prob_neg,score
Ugw-J65a1iYL9hqhELh4AaABAg,j43HgwYFKfk,UCdFlugHJJa4l3YqWuNRmvXw,UCE4rsXcgDb6e1-a9iTbWzfg,Quorum,negativo,0.045928068459033966,0.14628511667251587,0.8077868819236755,-0.7619
Ugw-ZT9t9wU2V-tCaUZ4AaABAg,06mFNPU0aB8,UCvl1tzQeBeGy6efPTRJXSCw,UCVpSRoZgngfSL03Nlbjtq9A,Noti7,negativo,0.005832502618432045,0.029080335050821304,0.9650871753692627,-0.9593
Ugw0xaOb2CYXXoudtwJ4AaABAg,j43HgwYFKfk,UCRAquv8el-tQ30bN7MlmySQ,UCE4rsXcgDb6e1-a9iTbWzfg,Quorum,negativo,0.002656027674674988,0.02596684731543064,0.9713771343231201,-0.9687
Ugw0xgUc2ISpBr5_T654AaABAg,j43HgwYFKfk,UCkbsS_3D-pvg1iHOld9uvIg,UCE4rsXcgDb6e1-a9iTbWzfg,Quorum,negativo,0.030486568808555603,0.26764827966690063,0.7018651366233826,-0.6714
Ugw1ZzA21njWhaqQQTh4AaABAg,OkXlHx0hx-8,UCOLHH4ZpMxPYF-Q6e6wvn5A,UCRwA1NUcUnwsly35ikGhp0A,Noticias Telemundo,negativo,0.019240984693169594,0.17043118178844452,0.8103277683258057,-0.7911
Ugw1ZzA21njWhaqQQTh4AaABAg.Aa9Tf29tBouAaB_XZQglTL,OkXlHx0hx-8,UCi2KiZq63sRq8Mfbcp-MelQ,UCRwA1NUcUnwsly35ikGhp0A,Noticias Telemundo,neutral,0.15142083168029785,0.5396039485931396,0.3089751899242401,-0.1576
Ugw2014OIYf336oytFt4AaABAg,yLZS3JiEBg8,UCXl30Y_upRqbti52fmjK4YA,UCE4rsXcgDb6e1-a9iTbWzfg,Quorum,positivo,0.5892640352249146,0.38881975412368774,0.02191624976694584,0.5673
Ugw2bSVOoNn2pc8ZcUl4AaABAg,n8iP75gIpmw,UCRelkU8JiZBytTzebJxaa-w,UCE4rsXcgDb6e1-a9iTbWzfg,Quorum,negativo,0.03976687043905258,0.3766855001449585,0.5835476517677307,-0.5438
Ugw3gnUvLp6AqO0_odt4AaABAg,lj983NWyAQY,UCgLurCo-e019HGODcjXHWCw,UCXa6LVjBzUtmcM3cwbd9e2w,Municipalidad de Guatemala,neutral,0.16491194069385529,0.6771429777145386,0.1579451858997345,0.007
Ugw4C1ijI36l6LAiSZh4AaABAg,n8iP75gIpmw,UCDIMztpVm7G27qBuiWuT6oQ,UCE4rsXcgDb6e1-a9iTbWzfg,Quorum,negativo,0.12856340408325195,0.2898423969745636,0.5815941691398621,-0.453
Ugw4St_YnT9_Ya5xSPt4AaABAg,ndAZjHqzzT8,UCZOmq6MwFDVoCaEl99BRRaw,UCE4rsXcgDb6e1-a9iTbWzfg,Quorum,negativo,0.005493381060659885,0.08024969696998596,0.9142569303512573,-0.9088
Ugw4ccnmIWJaE6VNRWN4AaABAg,6W4u8sGEnGM,UCFybmWapGvBKcQod7cPPH9w,UC-ZtFBHzgkYFh7whZkuR_Ag,Gobierno de la República de Guatemala,positivo,0.8997501134872437,0.07526622712612152,0.024983614683151245,0.8748
Ugw5E402-fn52PLXFIJ4AaABAg,n8iP75gIpmw,UCh5ESQvtzyHDhCA7XyekCFA,UCE4rsXcgDb6e1-a9iTbWzfg,Quorum,negativo,0.025058401748538017,0.2552506923675537,0.7196908593177795,-0.6946
Ugw5URsiAF9QVoniY-l4AaABAg,n8iP75gIpmw,UCWIZUtKJ636y-4TYrNvok0g,UCE4rsXcgDb6e1-a9iTbWzfg,Quorum,negativo,0.006952653173357248,0.1064339354634285,0.8866133689880371,-0.8797
Ugw5xMAuDaygo77ynI94AaABAg,n8iP75gIpmw,UCzoL2l5H5eVlorWGH8AZfAg,UCE4rsXcgDb6e1-a9iTbWzfg,Quorum,negativo,0.0030865096487104893,0.015993136912584305,0.9809203147888184,-0.9778
Ugw6cfXYfV4H-asKlDR4AaABAg,TT4qJ5FXHYE,UCKVzDUqbtdSMBcexaEtMmzQ,UCE4rsXcgDb6e1-a9iTbWzfg,Quorum,negativo,0.003525074105709791,0.02145290933549404,0.97502201795578,-0.9715
Ugw74asIfir0_SVC6OB4AaABAg,j43HgwYFKfk,UCNpt5CQlTzNjlAKY6CJtClQ,UCE4rsXcgDb6e1-a9iTbWzfg,Quorum,neutral,0.016182076185941696,0.6854533553123474,0.2983646094799042,-0.2822
Ugw86zOgTwKzYotlT9l4AaABAg,n8iP75gIpmw,UCut6b9S98nv84cVX89PmKzA,UCE4rsXcgDb6e1-a9iTbWzfg,Quorum,negativo,0.0065285153687000275,0.08896274119615555,0.9045087099075317,-0.898
Ugw8iZ_G2Cwq-9ZYctt4AaABAg,j43HgwYFKfk,UCQyOePccUP-fIJYzchAgZYw,UCE4rsXcgDb6e1-a9iTbWzfg,Quorum,negativo,0.011529790237545967,0.04358530044555664,0.9448848366737366,-0.9334
Ugw8pyxscJNUQpfoKuF4AaABAg,n8iP75gIpmw,UCOLGv5Pf6BF2wFcwUzgcvHg,UCE4rsXcgDb6e1-a9iTbWzfg,Quorum,negativo,0.010612696409225464,0.19531486928462982,0.7940723896026611,-0.7835
Ugw9_Qw_QaSdggWuKJt4AaABAg,06mFNPU0aB8,UCAxvOOHQk7dYPOajzFEVtbA,UCVpSRoZgngfSL03Nlbjtq9A,Noti7,neutral,0.06207885965704918,0.8152616024017334,0.12265954911708832,-0.0606
Ugw9eye2GML6RHRSu-14AaABAg,n8iP75gIpmw,UCQ_-LPP8JAbfkc-b1Q6NvWw,UCE4rsXcgDb6e1-a9iTbWzfg,Quorum,negativo,0.009919602423906326,0.03727801516652107,0.9528023600578308,-0.9429
UgwA5aTmgACLCuTUT494AaABAg,lj983NWyAQY,UCXmrpc6Li0spcKxtS0Q_ptg,UCXa6LVjBzUtmcM3cwbd9e2w,Municipalidad de Guatemala,positivo,0.8579171895980835,0.13139769434928894,0.01068512536585331,0.8472
UgwARHTnVAzzPrHbNox4AaABAg,n8iP75gIpmw,UCZ51R_9Q9C0c8I3pAWhtmjQ,UCE4rsXcgDb6e1-a9iTbWzfg,Quorum,positivo,0.9737787246704102,0.02327595092356205,0.0029452985618263483,0.9708
UgwBIwUPLGxEWAu3Mh14AaABAg,X_FAIef8qlE,UCPLW0HE3siElqCgXfgWxMqg,UCE4rsXcgDb6e1-a9iTbWzfg,Quorum,negativo,0.003368525067344308,0.10505608469247818,0.8915753960609436,-0.8882
UgwCW5PErySUmwse3bZ4AaABAg,OkXlHx0hx-8,UCxhtlxPV8AYWaNNyU6S9H8Q,UCRwA1NUcUnwsly35ikGhp0A,Noticias Telemundo,neutral,0.06167111173272133,0.47274166345596313,0.46558722853660583,-0.4039
UgwCfRlzeiXz172UQQV4AaABAg,yLZS3JiEBg8,UCvcu1kR8xMYy_I1Ty-2mV2Q,UCE4rsXcgDb6e1-a9iTbWzfg,Quorum,positivo,0.9616618156433105,0.03551188483834267,0.0028262664563953876,0.9588
UgwCw9bhAw6suYQfCWx4AaABAg,j43HgwYFKfk,UCaKAjTW9MVub_clgr4DRYjQ,UCE4rsXcgDb6e1-a9iTbWzfg,Quorum,positivo,0.7671717405319214,0.20220671594142914,0.03062153048813343,0.7366
UgwEOUk-ofXNqkHW5Cx4AaABAg,n8iP75gIpmw,UCxff05WuyvwELNITi7bj7UA,UCE4rsXcgDb6e1-a9iTbWzfg,Quorum,negativo,0.0029706722125411034,0.03720344603061676,0.9598258137702942,-0.9569
UgwEQHx8Ik7SbxBTQ914AaABAg,n8iP75gIpmw,UCZLG9qH0tUjNhEGFIUt0CYw,UCE4rsXcgDb6e1-a9iTbWzfg,Quorum,neutral,0.12121528387069702,0.5239250659942627,0.3548596203327179,-0.2336
UgwEjfj5ueeimHg-Hbt4AaABAg,j43HgwYFKfk,UCwgCc9Jd_gG-uLE_SY-FfPg,UCE4rsXcgDb6e1-a9iTbWzfg,Quorum,negativo,0.01612292043864727,0.10442853718996048,0.8794485926628113,-0.8633
UgwG3XiEgFlHKtrtTqd4AaABAg,n8iP75gIpmw,UCXSkL3ejZ8qWYyF_M7s_QKA,UCE4rsXcgDb6e1-a9iTbWzfg,Quorum,negativo,0.0032945992425084114,0.02776089496910572,0.9689444899559021,-0.9656
UgwGm1V-_GN1ZPcijdl4AaABAg,n8iP75gIpmw,UChs3tU2BcKOT0CezykvAsGw,UCE4rsXcgDb6e1-a9iTbWzfg,Quorum,negativo,0.0034088101238012314,0.06275978684425354,0.9338314533233643,-0.9304
UgwHY5LtTiQ0lBONp8N4AaABAg,n8iP75gIpmw,UC6PvO1_k5lHKGdAPo5_C6TA,UCE4rsXcgDb6e1-a9iTbWzfg,Quorum,negativo,0.00874527171254158,0.046043191105127335,0.9452115893363953,-0.9365
UgwIB06iEQnFOFLc9et4AaABAg,6W4u8sGEnGM,UCwxoKK59nGCeBqB2sXfDBIw,UC-ZtFBHzgkYFh7whZkuR_Ag,Gobierno de la República de Guatemala,negativo,0.004582867957651615,0.03310941904783249,0.9623076319694519,-0.9577
UgwIB06iEQnFOFLc9et4AaABAg.Aa-0m2jDJt2Aa42DVzs9Zy,6W4u8sGEnGM,UCWaRixDdpgllTBf4V0jPnKQ,UC-ZtFBHzgkYFh7whZkuR_Ag,Gobierno de la República de Guatemala,negativo,0.02795564755797386,0.13864010572433472,0.8334042429924011,-0.8054
UgwIBBqN6fh6MURkwkN4AaABAg,j43HgwYFKfk,UCkVtmkK07b2zaVVNssX4lOg,UCE4rsXcgDb6e1-a9iTbWzfg,Quorum,negativo,0.006109336856752634,0.02260177955031395,0.9712888598442078,-0.9652
UgwIiqrp6EYNoFmnBAR4AaABAg,n8iP75gIpmw,UCN6qbfPSzFtjhqUDZ3Cv3CQ,UCE4rsXcgDb6e1-a9iTbWzfg,Quorum,negativo,0.016467751935124397,0.06255543977022171,0.9209767580032349,-0.9045
UgwIlv8gtF3WKYfHSJJ4AaABAg,j43HgwYFKfk,UC95PSMouTx2N5CbSq0hIyrQ,UCE4rsXcgDb6e1-a9iTbWzfg,Quorum,neutral,0.04183216765522957,0.7021536231040955,0.2560141682624817,-0.2142
UgwJ4UehO5E4j0niJU14AaABAg,n8iP75gIpmw,UCueV9cTyTDwgQSec1x2dYgA,UCE4rsXcgDb6e1-a9iTbWzfg,Quorum,negativo,0.021181238815188408,0.2889021933078766,0.6899164915084839,-0.6687
UgwJMFYT7I9czw_oa0V4AaABAg,n8iP75gIpmw,UC5H8ASmMC9WrURmzeB4ySog,UCE4rsXcgDb6e1-a9iTbWzfg,Quorum,neutral,0.08574583381414413,0.7868337035179138,0.12742048501968384,-0.0417
UgwJN55EmMcKPRb_AfB4AaABAg,n8iP75gIpmw,UCHhHUjaMAZ8SiXdCUCj9DkQ,UCE4rsXcgDb6e1-a9iTbWzfg,Quorum,negativo,0.0033922248985618353,0.021795889362692833,0.974811851978302,-0.9714
UgwKjHT5lyjLiqR9ym94AaABAg,n8iP75gIpmw,UCgvw7xIdGFupzpt1Y_BFkEA,UCE4rsXcgDb6e1-a9iTbWzfg,Quorum,positivo,0.6960309147834778,0.20323264598846436,0.10073640197515488,0.5953
UgwL_UlN82zRUeNgVDh4AaABAg,j43HgwYFKfk,UCeDNEtI8_a42bZ47wJiJMwQ,UCE4rsXcgDb6e1-a9iTbWzfg,Quorum,neutral,0.04224523529410362,0.5653050541877747,0.3924497067928314,-0.3502
UgwMfCTNaiukOxMqfON4AaABAg,6W4u8sGEnGM,UCiOZX__1gahg1ypIj0_XG_w,UC-ZtFBHzgkYFh7whZkuR_Ag,Gobierno de la República de Guatemala,neutral,0.16202692687511444,0.7566092014312744,0.08136387169361115,0.0807
UgwNvErOoJ_qRYF6TB94AaABAg,j43HgwYFKfk,UCqCrvuoJpC-aVb0f4logQRQ,UCE4rsXcgDb6e1-a9iTbWzfg,Quorum,negativo,0.0390704870223999,0.0893593356013298,0.8715701103210449,-0.8325
UgwO8kzHC551ofxNYCV4AaABAg,TT4qJ5FXHYE,UCld2stqxaVSk0QdGncM224A,UCE4rsXcgDb6e1-a9iTbWzfg,Quorum,positivo,0.9698753356933594,0.02567039243876934,0.004454268608242273,0.9654
UgwPCZZx2gI444cg2AV4AaABAg,n8iP75gIpmw,UCpIdtvoFHVLGASGB5ySqIEA,UCE4rsXcgDb6e1-a9iTbWzfg,Quorum,negativo,0.004804514814168215,0.02144024893641472,0.9737553000450134,-0.969
UgwRLgDGrh-_TEVNOYh4AaABAg,OkXlHx0hx-8,UCtiHFjFu7d5v2XxHnKFUYig,UCRwA1NUcUnwsly35ikGhp0A,Noticias Telemundo,neutral,0.040545180439949036,0.7296847105026245,0.22977009415626526,-0.1892
UgwSDn5aIUEZwOlx9c94AaABAg,zweosulrwA8,UCQM2tCKRRytVDRxNUfCDqQQ,UCE4rsXcgDb6e1-a9iTbWzfg,Quorum,positivo,0.5568082332611084,0.4100576937198639,0.033134061843156815,0.5237
UgwSt406Q1HWBWCewI14AaABAg,6W4u8sGEnGM,UCWvntqPQx99k_Z_skWKqNSA,UC-ZtFBHzgkYFh7whZkuR_Ag,Gobierno de la República de Guatemala,neutral,0.24556250870227814,0.6455956697463989,0.10884184390306473,0.1367
UgwSt406Q1HWBWCewI14AaABAg.Aa-KmSVE5UgAa-M7iXQwik,6W4u8sGEnGM,UCoGdCoJg2Lh0OX_jv6cG16g,UC-ZtFBHzgkYFh7whZkuR_Ag,Gobierno de la República de Guatemala,neutral,0.2651979327201843,0.5539583563804626,0.18084372580051422,0.0844
UgwTyYcT2aNvGA5DK4J4AaABAg,n8iP75gIpmw,UChgkn5Jt5tWKYMoEOuCjz3Q,UCE4rsXcgDb6e1-a9iTbWzfg,Quorum,positivo,0.7815849781036377,0.20404866337776184,0.014366356655955315,0.7672
UgwUZL4XYbr2lbEi1r94AaABAg,j43HgwYFKfk,UCiC-Jn7wdgyQV4_Urk0DkWQ,UCE4rsXcgDb6e1-a9iTbWzfg,Quorum,neutral,0.07331029325723648,0.7764543890953064,0.1502353549003601,-0.0769
UgwXm2HjtCzRKiDHflJ4AaABAg,JkpVO1hx2f8,UCQIdKuZ-OzuFqy0KjGrgesg,UCE4rsXcgDb6e1-a9iTbWzfg,Quorum,negativo,0.0164595078676939,0.2541270852088928,0.7294134497642517,-0.713
UgwY0wdDJRzHsTCnLbN4AaABAg,n8iP75gIpmw,UCXr8_5WtGeipe4haOoQDgyQ,UCE4rsXcgDb6e1-a9iTbWzfg,Quorum,negativo,0.007372113410383463,0.02045874483883381,0.9721692204475403,-0.9648
UgwY2FW-3sBGV2CGxaJ4AaABAg,06mFNPU0aB8,UC_3xuTXvMIWU5MYP9HkJ3vQ,UCVpSRoZgngfSL03Nlbjtq9A,Noti7,positivo,0.9653224945068359,0.030406389385461807,0.004271130543202162,0.9611
UgwYTL5-XYvmQxsC3Bt4AaABAg,n8iP75gIpmw,UCFjudnPLoaSL1BaRuLahyHg,UCE4rsXcgDb6e1-a9iTbWzfg,Quorum,negativo,0.0036781325470656157,0.02576928772032261,0.9705525636672974,-0.9669
UgwYaHf9EYIl5Pf-y514AaABAg,n8iP75gIpmw,UC-pNP6RMFuLg_-x7Ah_0kEA,UCE4rsXcgDb6e1-a9iTbWzfg,Quorum,negativo,0.008767976425588131,0.03769417479634285,0.9535378217697144,-0.9448
UgwZw9X6DpxCIJ6YkXZ4AaABAg,PjmxCj-a9Hg,UC1Y7x3h0c95Z8kUhi-Tzaeg,UC-ZtFBHzgkYFh7whZkuR_Ag,Gobierno de la República de Guatemala,negativo,0.008684158325195312,0.07355961203575134,0.9177562594413757,-0.9091
Ugw_g00Bv3m-cnSxhMp4AaABAg,OkXlHx0hx-8,UC1WlJfQmaIskYhP4gmWoamw,UCRwA1NUcUnwsly35ikGhp0A,Noticias Telemundo,negativo,0.0027345323469489813,0.014351960271596909,0.9829134345054626,-0.9802
Ugw_wfk-1nUcdyG3muZ4AaABAg,n8iP75gIpmw,UC3MYTqpQqlWBuCB7Th0e0PA,UCE4rsXcgDb6e1-a9iTbWzfg,Quorum,positivo,0.9385982155799866,0.053965650498867035,0.007436139974743128,0.9312
UgwaGYcI3FekgL1PZct4AaABAg,j43HgwYFKfk,UCOcUI5XkTYNMSFhZNMIPpGg,UCE4rsXcgDb6e1-a9iTbWzfg,Quorum,negativo,0.0030074589885771275,0.021060723811388016,0.9759317636489868,-0.9729
UgwaokeDKlLgSdqHpW94AaABAg,n8iP75gIpmw,UCOS8ViEkccrTZx2w2ccxotA,UCE4rsXcgDb6e1-a9iTbWzfg,Quorum,neutral,0.027797048911452293,0.5135291218757629,0.45867374539375305,-0.4309
Ugwbnz3tRoBa7Vs3A3d4AaABAg,b_Hkrkl3adA,UC3iIU62XKUOWuqL8BqBzj9A,UCEepOY2svuxbsJ-zsAPT9Fg,PrensaLibreOficial,negativo,0.008421950973570347,0.08987446874380112,0.9017035961151123,-0.8933
Ugwc0TMrFYylioxh_Sh4AaABAg,6W4u8sGEnGM,UCV3fr-YOixFKCZBbJP1-X4w,UC-ZtFBHzgkYFh7whZkuR_Ag,Gobierno de la República de Guatemala,positivo,0.5745450854301453,0.36075377464294434,0.06470108032226562,0.5098
UgwcF8V3__81jxC8Eh14AaABAg,n8iP75gIpmw,UCmjppp6ujz3SAnULvP3sZMw,UCE4rsXcgDb6e1-a9iTbWzfg,Quorum,negativo,0.008032175712287426,0.054537516087293625,0.9374302625656128,-0.9294
UgwdC_aDdYB1wpgGNAt4AaABAg,lj983NWyAQY,UC5PyGvSfFM--OVKmQ3COu6g,UCXa6LVjBzUtmcM3cwbd9e2w,Municipalidad de Guatemala,positivo,0.8816913366317749,0.10863864421844482,0.009669996798038483,0.872
Ugwe0V0ssRP-r167Lzh4AaABAg,n8iP75gIpmw,UCQqetiwzzmRNTM5OWuXarGQ,UCE4rsXcgDb6e1-a9iTbWzfg,Quorum,negativo,0.014445622451603413,0.16329841315746307,0.8222559690475464,-0.8078
UgwgSP2G2qKwGGl5CSp4AaABAg,6W4u8sGEnGM,UCV3fr-YOixFKCZBbJP1-X4w,UC-ZtFBHzgkYFh7whZkuR_Ag,Gobierno de la República de Guatemala,neutral,0.3917628228664398,0.4675379991531372,0.14069919288158417,0.2511
UgwgoKatyznihVvDVVd4AaABAg,n8iP75gIpmw,UCCaYwkkbQGcvFoUmothVdQQ,UCE4rsXcgDb6e1-a9iTbWzfg,Quorum,negativo,0.01160447672009468,0.03446787968277931,0.9539276361465454,-0.9423
UgwguqWom06c5opgpiF4AaABAg,n8iP75gIpmw,UCQgYjVngJRfPHDLGB5X6ZjA,UCE4rsXcgDb6e1-a9iTbWzfg,Quorum,negativo,0.030871732160449028,0.11953141540288925,0.8495967984199524,-0.8187
UgwhphOY9n46ofElDut4AaABAg,PjmxCj-a9Hg,UCN2N_wYOw6fMwCeSzdXLPIw,UC-ZtFBHzgkYFh7whZkuR_Ag,Gobierno de la República de Guatemala,negativo,0.004036260303109884,0.027144338935613632,0.9688193798065186,-0.9648
UgwiGxmosawIyTVTjnB4AaABAg,n8iP75gIpmw,UC9vMq1YF-e7C-VO0SHkbUTA,UCE4rsXcgDb6e1-a9iTbWzfg,Quorum,negativo,0.013432472012937069,0.09057559818029404,0.8959919214248657,-0.8826
Ugwih8O9PeaJ_zd7FWV4AaABAg,n8iP75gIpmw,UC8F2V63KZ4ZEay6opX2hAQw,UCE4rsXcgDb6e1-a9iTbWzfg,Quorum,negativo,0.0035917023196816444,0.020543569698929787,0.9758647084236145,-0.9723
Ugwije36G_n35mshRfp4AaABAg,6W4u8sGEnGM,UCheEJ5GZuIvV0fj-nXyVwXw,UC-ZtFBHzgkYFh7whZkuR_Ag,Gobierno de la República de Guatemala,neutral,0.2851817309856415,0.5659880042076111,0.14883020520210266,0.1364
UgwjKxflp7TiD0e7_494AaABAg,n8iP75gIpmw,UCujPF2nBgsTD62nWE3lcpIg,UCE4rsXcgDb6e1-a9iTbWzfg,Quorum,negativo,0.014018052257597446,0.08502575755119324,0.9009562134742737,-0.8869
Ugwjtq_DUb6ISU-ppsh4AaABAg,n8iP75gIpmw,UChs3tU2BcKOT0CezykvAsGw,UCE4rsXcgDb6e1-a9iTbWzfg,Quorum,positivo,0.5763669610023499,0.4021510183811188,0.02148197591304779,0.5549
UgwkiP4fW1xfpXbZcV14AaABAg,n8iP75gIpmw,UCV0iizTBoOfdAFX_thfI9BA,UCE4rsXcgDb6e1-a9iTbWzfg,Quorum,negativo,0.0046515073627233505,0.0315733328461647,0.9637752175331116,-0.9591
Ugwm9VajlW3ydbsf-BJ4AaABAg,6W4u8sGEnGM,UCp29O_C7cchZV8IxV7Crdag,UC-ZtFBHzgkYFh7whZkuR_Ag,Gobierno de la República de Guatemala,positivo,0.8433809876441956,0.12790094316005707,0.028718121349811554,0.8147
UgwmvtMMEFg5rWbrmtV4AaABAg,yLZS3JiEBg8,UCkxdJ_yGN2gghOMo2ybQtXQ,UCE4rsXcgDb6e1-a9iTbWzfg,Quorum,negativo,0.007102628704160452,0.08207505941390991,0.9108222126960754,-0.9037
UgwnCwptihjhFCfQK_l4AaABAg,6W4u8sGEnGM,UCjZgFEowMBrsjodqfovzdKw,UC-ZtFBHzgkYFh7whZkuR_Ag,Gobierno de la República de Guatemala,neutral,0.1258125752210617,0.733415424823761,0.14077207446098328,-0.015
UgwopmNYOXxE5kyT7fF4AaABAg,n8iP75gIpmw,UC4wq3DcbfaG6dtCqn8Oyu3w,UCE4rsXcgDb6e1-a9iTbWzfg,Quorum,negativo,0.016272688284516335,0.16084124147891998,0.8228861093521118,-0.8066
UgwovhZaCiV0r6XOH_R4AaABAg,ndAZjHqzzT8,UCVC2QugcI1G4RvlCiUqd1aQ,UCE4rsXcgDb6e1-a9iTbWzfg,Quorum,neutral,0.318722665309906,0.4778624176979065,0.2034148871898651,0.1153
UgwoyDvqZ6NlBCvXB7t4AaABAg,yLZS3JiEBg8,UCXVLc8CmAO813ubM-fLvCDw,UCE4rsXcgDb6e1-a9iTbWzfg,Quorum,negativo,0.004483032505959272,0.03462587669491768,0.96089106798172,-0.9564
Ugwp1SacIqA0qS_netd4AaABAg,n8iP75gIpmw,UCwW2OFy95P7ZBkOPxWkpvYg,UCE4rsXcgDb6e1-a9iTbWzfg,Quorum,negativo,0.020202022045850754,0.22923901677131653,0.7505590319633484,-0.7304
UgwpY9PE_PBfwa2_g_N4AaABAg,n8iP75gIpmw,UC3XTwHxygNCgjndsg-UiCQA,UCE4rsXcgDb6e1-a9iTbWzfg,Quorum,negativo,0.0026959015522152185,0.015528823249042034,0.9817752838134766,-0.9791
Ugwqsca_nj4eGguiyTJ4AaABAg,j43HgwYFKfk,UCgQw_Sbq3ugruDUKsq1e0-A,UCE4rsXcgDb6e1-a9iTbWzfg,Quorum,negativo,0.005018680822104216,0.014930800534784794,0.9800505042076111,-0.975
UgwrIvqGid-S983oU9J4AaABAg,n8iP75gIpmw,UCL13XhnRzbGokEkCkEOb0-g,UCE4rsXcgDb6e1-a9iTbWzfg,Quorum,negativo,0.01375656109303236,0.04809386283159256,0.9381495714187622,-0.9244
UgwsCWap2Jq1pNrLOWl4AaABAg,n8iP75gIpmw,UCQtSFINs1h6GHkpg9o5kMvg,UCE4rsXcgDb6e1-a9iTbWzfg,Quorum,positivo,0.9162344932556152,0.06225555017590523,0.02150995470583439,0.8947
UgwtcR5U0FAkeZsiVVt4AaABAg,06mFNPU0aB8,UC2ngpd8UBQu4gcUYy0goAtg,UCVpSRoZgngfSL03Nlbjtq9A,Noti7,negativo,0.02205837331712246,0.1290111392736435,0.8489304780960083,-0.8269
Ugwvm2HYh08HI1HkcXV4AaABAg,PjmxCj-a9Hg,UC7IMsCxfZyWN7YQo8-JYa6Q,UC-ZtFBHzgkYFh7whZkuR_Ag,Gobierno de la República de Guatemala,positivo,0.9539862275123596,0.039005134254693985,0.007008680142462254,0.947
UgwvvK1L0aLOhCMUzfN4AaABAg,n8iP75gIpmw,UCzSfZlOVxBSs5ObD25ywxDQ,UCE4rsXcgDb6e1-a9iTbWzfg,Quorum,negativo,0.004704914055764675,0.028192639350891113,0.9671024680137634,-0.9624
UgwwH4OIcVCCN6SbBX14AaABAg,n8iP75gIpmw,UCLFdHr9BEbXHkoJopbEPLZw,UCE4rsXcgDb6e1-a9iTbWzfg,Quorum,negativo,0.00722147524356842,0.030790263786911964,0.9619882702827454,-0.9548
UgwwKfLmhHVU-Oxzqtl4AaABAg,n8iP75gIpmw,UCNkcuy42zEwddwEcOd_HpnA,UCE4rsXcgDb6e1-a9iTbWzfg,Quorum,negativo,0.012368690222501755,0.1314419060945511,0.8561893701553345,-0.8438
UgwwPrhCy2levkb6TRd4AaABAg,ndAZjHqzzT8,UCJp3OrVYcBorC94sKwdch_A,UCE4rsXcgDb6e1-a9iTbWzfg,Quorum,negativo,0.002285348018631339,0.030519481748342514,0.9671952128410339,-0.9649
UgwxjmtBoAozs0ZUAcd4AaABAg,is3Mk5oC19g,UCdFlugHJJa4l3YqWuNRmvXw,UCt5Dw7ePnn0AqPqRF8Xpjkw,TN23 Guatemala,negativo,0.014349762350320816,0.07771780341863632,0.9079324007034302,-0.8936
UgwxjmtBoAozs0ZUAcd4AaABAg.AaAbqoGVGipAaAjNG9oPRN,is3Mk5oC19g,UCLh1Kde4_vI1sTZBkTNP7RQ,UCt5Dw7ePnn0AqPqRF8Xpjkw,TN23 Guatemala,neutral,0.19965369999408722,0.5860718488693237,0.21427443623542786,-0.0146
UgwypjUeZBU45DrrW0d4AaABAg,n8iP75gIpmw,UCThW2XNsAaBKme5PUt7n-Zg,UCE4rsXcgDb6e1-a9iTbWzfg,Quorum,negativo,0.0030371283646672964,0.029423624277114868,0.9675392508506775,-0.9645
Ugwz_6qtdDTbTWEUQQ94AaABAg,n8iP75gIpmw,UC6YSZqL0vEcI-niPKIMUGfw,UCE4rsXcgDb6e1-a9iTbWzfg,Quorum,negativo,0.0035041270311921835,0.010808602906763554,0.9856871962547302,-0.9822
Ugx-G2kCu5aSwh3IR5l4AaABAg,n8iP75gIpmw,UCNBnKqWf4d-rS4HwJRQljmQ,UCE4rsXcgDb6e1-a9iTbWzfg,Quorum,negativo,0.0028849586378782988,0.044807445257902145,0.9523075819015503,-0.9494
Ugx-cQ3Wf3whk_hssDR4AaABAg,06mFNPU0aB8,UCO0zwwLWGyDgQmWPJ5Qrr1w,UCVpSRoZgngfSL03Nlbjtq9A,Noti7,negativo,0.008109692484140396,0.07603967934846878,0.9158505797386169,-0.9077
Ugx-hH6Ysw9sdv3kHPN4AaABAg,j43HgwYFKfk,UCwjUvRseNtJoItylIyIez7Q,UCE4rsXcgDb6e1-a9iTbWzfg,Quorum,negativo,0.03500724211335182,0.09817104041576385,0.8668217062950134,-0.8318
Ugx1reCoIQcnK3ii2GR4AaABAg,n8iP75gIpmw,UCTwSut16JyAg3mX6LVUNGqA,UCE4rsXcgDb6e1-a9iTbWzfg,Quorum,negativo,0.004518184810876846,0.030320215970277786,0.9651616811752319,-0.9606
Ugx2ApaAMqe4ca4SCYx4AaABAg,n8iP75gIpmw,UCLggDc_a5HriXv7I1h02sOA,UCE4rsXcgDb6e1-a9iTbWzfg,Quorum,neutral,0.12547269463539124,0.7252495884895325,0.1492777019739151,-0.0238
Ugx2LwWBVc3mFGJAinB4AaABAg,n8iP75gIpmw,UC5H8ASmMC9WrURmzeB4ySog,UCE4rsXcgDb6e1-a9iTbWzfg,Quorum,neutral,0.4193040132522583,0.5554468035697937,0.025249147787690163,0.3941
Ugx2byJzZBZkDMQMUqV4AaABAg,n8iP75gIpmw,UCwO2SXr0ggzwg6QWWrr01nQ,UCE4rsXcgDb6e1-a9iTbWzfg,Quorum,negativo,0.019506661221385002,0.07092223316431046,0.90957111120224,-0.8901
Ugx3uDgmZQhx3Z3VOzt4AaABAg,j43HgwYFKfk,UC816IGbFCZinfYS1LRDaaHg,UCE4rsXcgDb6e1-a9iTbWzfg,Quorum,neutral,0.11292620003223419,0.7593333125114441,0.12774056196212769,-0.0148
Ugx3yIUZXGeiOVESIEl4AaABAg,n8iP75gIpmw,UC3qn1yJA5PeW9rkGPatQxiw,UCE4rsXcgDb6e1-a9iTbWzfg,Quorum,neutral,0.03188132867217064,0.6105904579162598,0.3575282692909241,-0.3256
Ugx4dn4xlUl9Jp9QJeJ4AaABAg,6W4u8sGEnGM,UCaT4saRcyqCLE657Rq2hhZQ,UC-ZtFBHzgkYFh7whZkuR_Ag,Gobierno de la República de Guatemala,positivo,0.5722033977508545,0.4162534177303314,0.011543246917426586,0.5607
Ugx6Wjc02tqpQUBf4NJ4AaABAg,yLZS3JiEBg8,UCc_F88PzGWtA1OPNUEASulA,UCE4rsXcgDb6e1-a9iTbWzfg,Quorum,negativo,0.010860219597816467,0.051925819367170334,0.9372140169143677,-0.9264
Ugx74OPnWkWaFjpFuA94AaABAg,n8iP75gIpmw,UCErZPJpHmLCsXs8ZWkAUupQ,UCE4rsXcgDb6e1-a9iTbWzfg,Quorum,negativo,0.012542127631604671,0.32779842615127563,0.6596594452857971,-0.6471
Ugx74OPnWkWaFjpFuA94AaABAg.A7ki-1ED5b2A7nIcG2_svP,n8iP75gIpmw,UCFjudnPLoaSL1BaRuLahyHg,UCE4rsXcgDb6e1-a9iTbWzfg,Quorum,neutral,0.2780205011367798,0.4796285927295685,0.24235086143016815,0.0357
Ugx7Gvgflw7nQKqoR094AaABAg,lj983NWyAQY,UCFOxCyF926Y9eHhMeVoWLzw,UCXa6LVjBzUtmcM3cwbd9e2w,Municipalidad de Guatemala,positivo,0.9319833517074585,0.062262166291475296,0.005754450801759958,0.9262
Ugx7ezRwB-DpY3VQt754AaABAg,n8iP75gIpmw,UC5H8ASmMC9WrURmzeB4ySog,UCE4rsXcgDb6e1-a9iTbWzfg,Quorum,neutral,0.03792635351419449,0.5273981094360352,0.43467551469802856,-0.3967
Ugx7j6oWhgfonHPJCdR4AaABAg,n8iP75gIpmw,UC72gBAtyb_VXQlYDcFrh6oQ,UCE4rsXcgDb6e1-a9iTbWzfg,Quorum,negativo,0.013555922545492649,0.10970247536897659,0.8767416477203369,-0.8632
Ugx8FxDKPAY-M_JhRgd4AaABAg,n8iP75gIpmw,UCi1b_TRQfgO1Z9O2gNGGWNA,UCE4rsXcgDb6e1-a9iTbWzfg,Quorum,negativo,0.013993182219564915,0.18066288530826569,0.8053438663482666,-0.7914
Ugx8vuWdqsWZslsS9R14AaABAg,WIUZtitfLRw,UCvcu1kR8xMYy_I1Ty-2mV2Q,UCE4rsXcgDb6e1-a9iTbWzfg,Quorum,neutral,0.32962003350257874,0.4971199035644531,0.17326007783412933,0.1564
Ugx90cmhNaRBNDou1BR4AaABAg,OkXlHx0hx-8,UCBlm80VQ4YoV3bUJR_XhkaQ,UCRwA1NUcUnwsly35ikGhp0A,Noticias Telemundo,negativo,0.04093889147043228,0.4138333797454834,0.5452277064323425,-0.5043
Ugx90cmhNaRBNDou1BR4AaABAg.AaA5Ej9IqgQAaBaWPRQg7K,OkXlHx0hx-8,UCi2KiZq63sRq8Mfbcp-MelQ,UCRwA1NUcUnwsly35ikGhp0A,Noticias Telemundo,negativo,0.01874605566263199,0.04291049391031265,0.9383434057235718,-0.9196
Ugx90cmhNaRBNDou1BR4AaABAg.AaA5Ej9IqgQAaCnVqXU5cy,OkXlHx0hx-8,UCBlm80VQ4YoV3bUJR_XhkaQ,UCRwA1NUcUnwsly35ikGhp0A,Noticias Telemundo,neutral,0.1727990359067917,0.4728856682777405,0.35431531071662903,-0.1815
Ugx90cmhNaRBNDou1BR4AaABAg.AaA5Ej9IqgQAaCz3GqqPAJ,OkXlHx0hx-8,UCi2KiZq63sRq8Mfbcp-MelQ,UCRwA1NUcUnwsly35ikGhp0A,Noticias Telemundo,neutral,0.31742891669273376,0.6458722352981567,0.0366988331079483,0.2807
UgxCKgaQSm13r2z9hFd4AaABAg,j43HgwYFKfk,UColMq7LmaoY3MT6aIDGrGvA,UCE4rsXcgDb6e1-a9iTbWzfg,Quorum,negativo,0.0021407464519143105,0.030712703242897987,0.9671465158462524,-0.965
UgxCT5F3jO763e2aO-t4AaABAg,OkXlHx0hx-8,UCat2qkYvqmtDNEmo2PVuhXw,UCRwA1NUcUnwsly35ikGhp0A,Noticias Telemundo,negativo,0.05156945809721947,0.4705595076084137,0.4778710603713989,-0.4263
UgxCjFHfuFk1jUGvoIB4AaABAg,lj983NWyAQY,UCSTAUWVc1_82DHYeqOsqEFA,UCXa6LVjBzUtmcM3cwbd9e2w,Municipalidad de Guatemala,positivo,0.9455223679542542,0.050140056759119034,0.004337567836046219,0.9412
UgxD16VX3BhREOtsuhJ4AaABAg,yLZS3JiEBg8,UCcFIBN-rtC3d3hXeuN5TfWw,UCE4rsXcgDb6e1-a9iTbWzfg,Quorum,negativo,0.0067357555963099,0.04359868913888931,0.9496656060218811,-0.9429
UgxDBhcq11EK83DqrSZ4AaABAg,j43HgwYFKfk,UCV0lM03g5fg5pbPj97-sAtA,UCE4rsXcgDb6e1-a9iTbWzfg,Quorum,positivo,0.802039384841919,0.18416842818260193,0.013792186044156551,0.7882
UgxDFo35bUo0APtZcd94AaABAg,lj983NWyAQY,UC_ljZ1hZXR9pzexFz87P5ZA,UCXa6LVjBzUtmcM3cwbd9e2w,Municipalidad de Guatemala,negativo,0.021306924521923065,0.17560817301273346,0.8030849099159241,-0.7818
UgxEE17R1iQyuDZebVF4AaABAg,06mFNPU0aB8,UCLXYp1Cvc5DLtq5UQL5D9vw,UCVpSRoZgngfSL03Nlbjtq9A,Noti7,neutral,0.06008525937795639,0.8171632289886475,0.12275141477584839,-0.0627
UgxEE17R1iQyuDZebVF4AaABAg.A_UFk_pMAbMA_VZ_0Vdu89,06mFNPU0aB8,UCfjhejO7LZy4doXURa7LZCQ,UCVpSRoZgngfSL03Nlbjtq9A,Noti7,neutral,0.08833988755941391,0.7157942056655884,0.19586585462093353,-0.1075
UgxE_8DGgJmaHaV_WLJ4AaABAg,n8iP75gIpmw,UCplrIQtaPj6au60_f2-mOYw,UCE4rsXcgDb6e1-a9iTbWzfg,Quorum,negativo,0.010128699243068695,0.1467132717370987,0.8431580662727356,-0.833
UgxEsAK7q3l34wFdZ414AaABAg,6W4u8sGEnGM,UCql1n3Ey6ULMSOACjMe-fxQ,UC-ZtFBHzgkYFh7whZkuR_Ag,Gobierno de la República de Guatemala,negativo,0.005037335678935051,0.0296145249158144,0.9653481245040894,-0.9603
UgxEsAK7q3l34wFdZ414AaABAg.A_zCnf5bSajA_zKDdWQaaO,6W4u8sGEnGM,UCZFQwqh90apuL8eFhvRBkUg,UC-ZtFBHzgkYFh7whZkuR_Ag,Gobierno de la República de Guatemala,negativo,0.005980994552373886,0.03947935625910759,0.9545396566390991,-0.9486
UgxEsAK7q3l34wFdZ414AaABAg.A_zCnf5bSajA_zMcZPgoSk,6W4u8sGEnGM,UCoGdCoJg2Lh0OX_jv6cG16g,UC-ZtFBHzgkYFh7whZkuR_Ag,Gobierno de la República de Guatemala,neutral,0.45348477363586426,0.512279212474823,0.034235984086990356,0.4192
UgxEsAK7q3l34wFdZ414AaABAg.A_zCnf5bSajA_zX0eQk5DZ,6W4u8sGEnGM,UCyJhqmMbsvjpoarBBStA2kg,UC-ZtFBHzgkYFh7whZkuR_Ag,Gobierno de la República de Guatemala,negativo,0.013300806283950806,0.025971636176109314,0.9607275724411011,-0.9474
UgxEsAK7q3l34wFdZ414AaABAg.A_zCnf5bSajA_zXHoAX3hj,6W4u8sGEnGM,UCyJhqmMbsvjpoarBBStA2kg,UC-ZtFBHzgkYFh7whZkuR_Ag,Gobierno de la República de Guatemala,negativo,0.004191672429442406,0.018633529543876648,0.9771748185157776,-0.973
UgxEsAK7q3l34wFdZ414AaABAg.A_zCnf5bSajA_zXUuRIq0q,6W4u8sGEnGM,UCyJhqmMbsvjpoarBBStA2kg,UC-ZtFBHzgkYFh7whZkuR_Ag,Gobierno de la República de Guatemala,negativo,0.03819241002202034,0.19799426198005676,0.7638132572174072,-0.7256
UgxEsAK7q3l34wFdZ414AaABAg.A_zCnf5bSajA_znUL05zze,6W4u8sGEnGM,UC63tFvbQ_hJhGDi2nbjssjw,UC-ZtFBHzgkYFh7whZkuR_Ag,Gobierno de la República de Guatemala,negativo,0.010375875048339367,0.0774252861738205,0.9121988415718079,-0.9018
UgxEsAK7q3l34wFdZ414AaABAg.A_zCnf5bSajAa0q77b9a3F,6W4u8sGEnGM,UCtCtts20bW6F9CSohau51Iw,UC-ZtFBHzgkYFh7whZkuR_Ag,Gobierno de la República de Guatemala,negativo,0.013565481640398502,0.1733679473400116,0.8130666017532349,-0.7995
UgxEsAK7q3l34wFdZ414AaABAg.A_zCnf5bSajAa0qEPC8tJc,6W4u8sGEnGM,UCtCtts20bW6F9CSohau51Iw,UC-ZtFBHzgkYFh7whZkuR_Ag,Gobierno de la República de Guatemala,neutral,0.1220855861902237,0.7996495962142944,0.07826483249664307,0.0438
UgxEsAK7q3l34wFdZ414AaABAg.A_zCnf5bSajAa41uU3Anhg,6W4u8sGEnGM,UCWaRixDdpgllTBf4V0jPnKQ,UC-ZtFBHzgkYFh7whZkuR_Ag,Gobierno de la República de Guatemala,negativo,0.005970523227006197,0.033249594271183014,0.9607798457145691,-0.9548
UgxFOJmnMHqi2dpDaZd4AaABAg,n8iP75gIpmw,UCcfdg8crmMJwEuLUsAhV7yg,UCE4rsXcgDb6e1-a9iTbWzfg,Quorum,negativo,0.011558129452168941,0.1036418080329895,0.8848000764846802,-0.8732
UgxFzCyhju6zPSl4zwZ4AaABAg,j43HgwYFKfk,UC6Uj1FT5JjDSF8vudvDxPAA,UCE4rsXcgDb6e1-a9iTbWzfg,Quorum,positivo,0.6654021739959717,0.3075513541698456,0.02704652212560177,0.6384
UgxHqBlwo8Dpvv-2P5d4AaABAg,n8iP75gIpmw,UCj-LL25XJnjxepPKCc3NGog,UCE4rsXcgDb6e1-a9iTbWzfg,Quorum,neutral,0.04967152327299118,0.8619047999382019,0.08842366188764572,-0.0388
UgxJQfg5iHA6vRWS0El4AaABAg,j43HgwYFKfk,UC1DpqK6vaPEkBOMNvypsKYg,UCE4rsXcgDb6e1-a9iTbWzfg,Quorum,negativo,0.0134666059166193,0.06159156188368797,0.924941897392273,-0.9115
UgxK5IJwWigmJ56Xp7p4AaABAg,ndAZjHqzzT8,UCpsKOkt5iWTbenzeuq7dsmQ,UCE4rsXcgDb6e1-a9iTbWzfg,Quorum,positivo,0.7389491200447083,0.22988995909690857,0.031160974875092506,0.7078
UgxKfM_nJMsGTkKkM8V4AaABAg,n8iP75gIpmw,UCDftMWXQoJ6nONfY7GVOVjg,UCE4rsXcgDb6e1-a9iTbWzfg,Quorum,negativo,0.005591697990894318,0.021239029243588448,0.9731692671775818,-0.9676
UgxLNf6Xy3xngPFLs594AaABAg,n8iP75gIpmw,UCYwpX26TrCxq8TvbKGRYLXA,UCE4rsXcgDb6e1-a9iTbWzfg,Quorum,negativo,0.006112025585025549,0.14336706697940826,0.85052090883255,-0.8444
UgxLSZD8ZrNFmd10RKR4AaABAg,n8iP75gIpmw,UCUIIIPTVDVHAXqhC_5V6lPA,UCE4rsXcgDb6e1-a9iTbWzfg,Quorum,negativo,0.004995712079107761,0.02325459197163582,0.9717497229576111,-0.9668
UgxNSGVebHMGSFI8zX94AaABAg,6W4u8sGEnGM,UCzZ6dDCEsLMXbc5pCFXIprw,UC-ZtFBHzgkYFh7whZkuR_Ag,Gobierno de la República de Guatemala,negativo,0.01830351911485195,0.08866075426340103,0.8930356502532959,-0.8747
UgxNgFkGSE6nct4PF3V4AaABAg,PjmxCj-a9Hg,UCNIeXbV_mEwpa412h1aqUWw,UC-ZtFBHzgkYFh7whZkuR_Ag,Gobierno de la República de Guatemala,neutral,0.12756015360355377,0.7461709976196289,0.1262689083814621,0.0013
UgxOO0LIkZP1WvhR1U54AaABAg,ndAZjHqzzT8,UC_6KbBY1bsYXz9fwFS0eQRg,UCE4rsXcgDb6e1-a9iTbWzfg,Quorum,positivo,0.9513742327690125,0.043592263013124466,0.005033493973314762,0.9463
UgxPHo503SIH-EmlR-t4AaABAg,6W4u8sGEnGM,UCV3fr-YOixFKCZBbJP1-X4w,UC-ZtFBHzgkYFh7whZkuR_Ag,Gobierno de la República de Guatemala,positivo,0.7971937656402588,0.17034555971622467,0.03246065229177475,0.7647
UgxPRaGm9MdlK4U6VPt4AaABAg,n8iP75gIpmw,UCDQaQv0hr2SS_PO-CMEwVHg,UCE4rsXcgDb6e1-a9iTbWzfg,Quorum,negativo,0.044121820479631424,0.28425997495651245,0.6716182231903076,-0.6275
UgxQC-ejR063rkAb1VB4AaABAg,yLZS3JiEBg8,UCefAH1MbvADWUjE9WVcB9EQ,UCE4rsXcgDb6e1-a9iTbWzfg,Quorum,negativo,0.0028330006171017885,0.01704585924744606,0.9801211357116699,-0.9773
UgxR0AXNH_3DGn-T1494AaABAg,n8iP75gIpmw,UC72gBAtyb_VXQlYDcFrh6oQ,UCE4rsXcgDb6e1-a9iTbWzfg,Quorum,negativo,0.012759527191519737,0.21355372667312622,0.7736867666244507,-0.7609
UgxR1eqvFSEtPNShD8x4AaABAg,6W4u8sGEnGM,UCEHXl4VvvVpq-_4xC5tsbhg,UC-ZtFBHzgkYFh7whZkuR_Ag,Gobierno de la República de Guatemala,positivo,0.7659201622009277,0.21195055544376373,0.02212931588292122,0.7438
UgxS0pN-vg0fjeNSLeJ4AaABAg,6W4u8sGEnGM,UCeQk-WfEA-cJRq4EKeE7TOw,UC-ZtFBHzgkYFh7whZkuR_Ag,Gobierno de la República de Guatemala,negativo,0.004246619530022144,0.02479490451514721,0.970958411693573,-0.9667
UgxTjz0jSJkZW5dGnSp4AaABAg,n8iP75gIpmw,UCkd9W714-947dEE6ZOEBATA,UCE4rsXcgDb6e1-a9iTbWzfg,Quorum,negativo,0.0057358392514288425,0.031086597591638565,0.9631775617599487,-0.9574
UgxVUS-jkZU2DAjmNjR4AaABAg,n8iP75gIpmw,UCljDbleJul41G1TzOjOZAVA,UCE4rsXcgDb6e1-a9iTbWzfg,Quorum,negativo,0.004060449078679085,0.02758178673684597,0.9683577418327332,-0.9643
UgxW0ZnTohConSPgOpp4AaABAg,j43HgwYFKfk,UCGGHbtfbbe0o68etrOf0qxw,UCE4rsXcgDb6e1-a9iTbWzfg,Quorum,positivo,0.9445576667785645,0.04819611459970474,0.007246195338666439,0.9373
UgxWzoHDeFfVC7jrjzF4AaABAg,OkXlHx0hx-8,UCVdjCrh4tQoX3haNAZv-n5A,UCRwA1NUcUnwsly35ikGhp0A,Noticias Telemundo,positivo,0.9514159560203552,0.04440736025571823,0.004176657646894455,0.9472
UgxWzoHDeFfVC7jrjzF4AaABAg.Aa9DdH5avRRAaB_gLYRAuw,OkXlHx0hx-8,UCi2KiZq63sRq8Mfbcp-MelQ,UCRwA1NUcUnwsly35ikGhp0A,Noticias Telemundo,negativo,0.0643213614821434,0.26745766401290894,0.6682209372520447,-0.6039
UgxXGkvxY-TdtPROWcV4AaABAg,j43HgwYFKfk,UCZeIIQrGAedW8tCbKWmGY-A,UCE4rsXcgDb6e1-a9iTbWzfg,Quorum,negativo,0.011030534282326698,0.043252840638160706,0.9457166790962219,-0.9347
UgxXy9CurqMBEjFnVwF4AaABAg,ndAZjHqzzT8,UCvcu1kR8xMYy_I1Ty-2mV2Q,UCE4rsXcgDb6e1-a9iTbWzfg,Quorum,positivo,0.9603642821311951,0.036896172910928726,0.0027395954821258783,0.9576
UgxZFzh6jzOX7Avhk1h4AaABAg,n8iP75gIpmw,UCFUuDARXdmmIrLppEqf-rFg,UCE4rsXcgDb6e1-a9iTbWzfg,Quorum,neutral,0.08256182819604874,0.572829008102417,0.3446091115474701,-0.262
Ugx_gjcVH5SlIKBNTGh4AaABAg,yLZS3JiEBg8,UCCUmP4PlbwgikVFpYwbtRTg,UCE4rsXcgDb6e1-a9iTbWzfg,Quorum,positivo,0.9245618581771851,0.07086188346147537,0.0045762318186461926,0.92
Ugxb-sknzjBr3wecCw94AaABAg,06mFNPU0aB8,UCfXykdbSU97rj987LDUGfvg,UCVpSRoZgngfSL03Nlbjtq9A,Noti7,negativo,0.008299880661070347,0.0650385171175003,0.9266616106033325,-0.9184
Ugxb1xcC9SSJ_5vSArF4AaABAg,j43HgwYFKfk,UC4Avya4kmR4Q0FrfFdBozSQ,UCE4rsXcgDb6e1-a9iTbWzfg,Quorum,neutral,0.13875077664852142,0.4982491731643677,0.3630000054836273,-0.2242
Ugxbz7-04jLwadBMK_p4AaABAg,n8iP75gIpmw,UChep9kVb5gQmpodEEl10Xlg,UCE4rsXcgDb6e1-a9iTbWzfg,Quorum,negativo,0.008839590474963188,0.037263549864292145,0.9538968205451965,-0.9451
UgxcBa2IQb3I0JZcFax4AaABAg,6W4u8sGEnGM,UCtsxPYw8VUsH_FfnKg-0lmw,UC-ZtFBHzgkYFh7whZkuR_Ag,Gobierno de la República de Guatemala,neutral,0.04816478490829468,0.4984944760799408,0.4533407986164093,-0.4052
UgxcGV8-rD83ACvM0954AaABAg,n8iP75gIpmw,UCRlCV9zSn7avAWh-9_XFWqQ,UCE4rsXcgDb6e1-a9iTbWzfg,Quorum,negativo,0.00957512017339468,0.13407157361507416,0.8563533425331116,-0.8468
UgxctiUZJriWwsE0a6J4AaABAg,n8iP75gIpmw,UCut6b9S98nv84cVX89PmKzA,UCE4rsXcgDb6e1-a9iTbWzfg,Quorum,negativo,0.005790722090750933,0.02680765837430954,0.9674015641212463,-0.9616
Ugxd8fn-MEnc3SKPtid4AaABAg,6W4u8sGEnGM,UCfo_yUPzy1f1POwwZxhZ06Q,UC-ZtFBHzgkYFh7whZkuR_Ag,Gobierno de la República de Guatemala,negativo,0.05800190940499306,0.2815779745578766,0.6604201197624207,-0.6024
UgxdfjiT5_VBaeADj7h4AaABAg,6W4u8sGEnGM,UCV3fr-YOixFKCZBbJP1-X4w,UC-ZtFBHzgkYFh7whZkuR_Ag,Gobierno de la República de Guatemala,neutral,0.387006551027298,0.5336150527000427,0.0793784111738205,0.3076
Ugxe0MXeW4ziwUMTfF54AaABAg,n8iP75gIpmw,UCTylKrsqkrBKIqubMu_5N0Q,UCE4rsXcgDb6e1-a9iTbWzfg,Quorum,neutral,0.13839828968048096,0.79178386926651,0.06981783360242844,0.0686
UgxeJQgzDc124jVv7Fx4AaABAg,j43HgwYFKfk,UC5hvEnRUzI4Kfvwnyi4QxqQ,UCE4rsXcgDb6e1-a9iTbWzfg,Quorum,positivo,0.7412018775939941,0.2448107898235321,0.013987306505441666,0.7272
Ugxf6gnAtXKqV1Q_zRd4AaABAg,WIUZtitfLRw,UCVhif9eV0f8plICen2DnpKA,UCE4rsXcgDb6e1-a9iTbWzfg,Quorum,neutral,0.37325119972229004,0.5532753467559814,0.0734735056757927,0.2998
UgxfUxJfY_pjvu9318Z4AaABAg,n8iP75gIpmw,UC1vr9aaMI2crB0NvwFHUeoQ,UCE4rsXcgDb6e1-a9iTbWzfg,Quorum,negativo,0.005265165586024523,0.01889006420969963,0.97584468126297,-0.9706
UgxfnbtuhVQuDILnXj14AaABAg,n8iP75gIpmw,UCEgEQmRbtL5fwr9_DqAC--g,UCE4rsXcgDb6e1-a9iTbWzfg,Quorum,neutral,0.12434683740139008,0.704856276512146,0.17079687118530273,-0.0465
Ugxgxziq7k4s9WwmauB4AaABAg,lj983NWyAQY,UCIUhbSCy3-SGRe5UtqM4fzQ,UCXa6LVjBzUtmcM3cwbd9e2w,Municipalidad de Guatemala,negativo,0.006929310970008373,0.05492977425456047,0.938140869140625,-0.9312
UgxiEgXuexKPtHEwAQJ4AaABAg,OkXlHx0hx-8,UCozFYHN0e_-vlQbX3wQGOug,UCRwA1NUcUnwsly35ikGhp0A,Noticias Telemundo,negativo,0.004924613982439041,0.03522678464651108,0.9598485827445984,-0.9549
UgxiEgXuexKPtHEwAQJ4AaABAg.Aa9HLCNywwKAa9OgyseDes,OkXlHx0hx-8,UCQMMuADgqWUOcJpLwHOzC-g,UCRwA1NUcUnwsly35ikGhp0A,Noticias Telemundo,negativo,0.005303934216499329,0.06234462559223175,0.9323514103889465,-0.927
UgxiEgXuexKPtHEwAQJ4AaABAg.Aa9HLCNywwKAa9ZeEQh7n7,OkXlHx0hx-8,UC-QOpE7GOxlXcHZ8b7HbQKA,UCRwA1NUcUnwsly35ikGhp0A,Noticias Telemundo,negativo,0.020831124857068062,0.14148224890232086,0.8376865983009338,-0.8169
Ugxj76_NAyOnh_vsgMV4AaABAg,lj983NWyAQY,UC0RpuMwkDKJYqgKHtsJRuWQ,UCXa6LVjBzUtmcM3cwbd9e2w,Municipalidad de Guatemala,positivo,0.9740417003631592,0.023534100502729416,0.002424132777377963,0.9716
UgxkcFai5KbeHyhGbnF4AaABAg,6W4u8sGEnGM,UC-HeUTT6_g-VoiWds2a4H-w,UC-ZtFBHzgkYFh7whZkuR_Ag,Gobierno de la República de Guatemala,positivo,0.5711531639099121,0.3064439296722412,0.12240290641784668,0.4488
Ugxl5bLZ1llR9fV0V0l4AaABAg,n8iP75gIpmw,UC2Y_EHWQKevubk4vOEBBFxw,UCE4rsXcgDb6e1-a9iTbWzfg,Quorum,negativo,0.029085351154208183,0.10455965250730515,0.8663550019264221,-0.8373
UgxoLjEjkngSVGZvO1N4AaABAg,j43HgwYFKfk,UCpsKOkt5iWTbenzeuq7dsmQ,UCE4rsXcgDb6e1-a9iTbWzfg,Quorum,neutral,0.25388920307159424,0.5716180205345154,0.1744927018880844,0.0794
Ugxoc10_rBva4f6IW2N4AaABAg,n8iP75gIpmw,UCwW2OFy95P7ZBkOPxWkpvYg,UCE4rsXcgDb6e1-a9iTbWzfg,Quorum,neutral,0.08384566754102707,0.6776946783065796,0.23845967650413513,-0.1546
UgxovP0Yh3_qrKdrKrp4AaABAg,yLZS3JiEBg8,UCwEe1RKlEv1UpNWmWYfSh4w,UCE4rsXcgDb6e1-a9iTbWzfg,Quorum,negativo,0.006109156645834446,0.09063874930143356,0.903252124786377,-0.8971
UgxpFKbiejsVGSNIcTh4AaABAg,n8iP75gIpmw,UCQtICyzWmhC5woCtbNgaSmg,UCE4rsXcgDb6e1-a9iTbWzfg,Quorum,negativo,0.006583109963685274,0.04611687734723091,0.9473000168800354,-0.9407
UgxqEChOyWebtVaqy-V4AaABAg,n8iP75gIpmw,UCDlr1VadSucIZgZ171pRBjQ,UCE4rsXcgDb6e1-a9iTbWzfg,Quorum,neutral,0.2236991822719574,0.5743107795715332,0.2019900381565094,0.0217
UgxqSfWMWvqMX8tiC5x4AaABAg,n8iP75gIpmw,UCHhHUjaMAZ8SiXdCUCj9DkQ,UCE4rsXcgDb6e1-a9iTbWzfg,Quorum,negativo,0.021066969260573387,0.3796978294849396,0.5992351770401001,-0.5782
UgxrZBO3MtEqcgXAIEN4AaABAg,lj983NWyAQY,UCxKR3RA8T-kxMgq_2WWhRcQ,UCXa6LVjBzUtmcM3cwbd9e2w,Municipalidad de Guatemala,positivo,0.9760560393333435,0.021153435111045837,0.0027905036695301533,0.9733
UgxswojCyw1a0RuHVEp4AaABAg,3Nfp9h5avBI,UCJxJC56BSAX-ArD0NAb9qnQ,UCdSVqHGHzyMTXSafUHY-e-w,Noticiero Guatevisión 13 Hrs.,neutral,0.06232854351401329,0.7918100953102112,0.14586137235164642,-0.0835
UgxuO_1lX_-jTQfAzZx4AaABAg,lj983NWyAQY,UCqilIa8r7iek5sGYg_q6ofA,UCXa6LVjBzUtmcM3cwbd9e2w,Municipalidad de Guatemala,positivo,0.8535273671150208,0.13319078087806702,0.013281863182783127,0.8402
UgxudaO35O8XcM9Wu4t4AaABAg,3Nfp9h5avBI,UCyor0Mmm0ivLX2jIdyGp84Q,UCdSVqHGHzyMTXSafUHY-e-w,Noticiero Guatevisión 13 Hrs.,negativo,0.006242654286324978,0.03238822519779205,0.9613690972328186,-0.9551
UgxvgdNqovIhqUZDxUx4AaABAg,j43HgwYFKfk,UCpe5jW3MIqkgTJ-PgkzvM6Q,UCE4rsXcgDb6e1-a9iTbWzfg,Quorum,negativo,0.010244954377412796,0.2958770990371704,0.6938779950141907,-0.6836
UgxvmbFNm6tYRX6yfLN4AaABAg,n8iP75gIpmw,UCz3gu01bmjNv0DpRq-K3XYg,UCE4rsXcgDb6e1-a9iTbWzfg,Quorum,negativo,0.010606925934553146,0.0621858686208725,0.9272071123123169,-0.9166
Ugxvt0tvqY4UlDS2hoh4AaABAg,j43HgwYFKfk,UCuXmOjxC-htcprLgeVXz6Tg,UCE4rsXcgDb6e1-a9iTbWzfg,Quorum,negativo,0.01887834072113037,0.1577398031949997,0.8233819007873535,-0.8045
UgxvxNmPMdRuRDptJQN4AaABAg,PjmxCj-a9Hg,UCNIeXbV_mEwpa412h1aqUWw,UC-ZtFBHzgkYFh7whZkuR_Ag,Gobierno de la República de Guatemala,negativo,0.013742629438638687,0.1331997811794281,0.8530576229095459,-0.8393
Ugxw_1trnd8loD3302V4AaABAg,n8iP75gIpmw,UCySYJU5kUh7X8gVt9la2ISA,UCE4rsXcgDb6e1-a9iTbWzfg,Quorum,negativo,0.00983483623713255,0.19566352665424347,0.7945016026496887,-0.7847
UgxxNu7QTJHuAgFaEYN4AaABAg,n8iP75gIpmw,UCHTGCgY2l-DQJIvlA_cpa_Q,UCE4rsXcgDb6e1-a9iTbWzfg,Quorum,negativo,0.003078108886256814,0.021762393414974213,0.9751594066619873,-0.9721
UgxxdDS3FUc53KWN3KF4AaABAg,OkXlHx0hx-8,UCPNXmbOBVeC4HS-xemvcPtQ,UCRwA1NUcUnwsly35ikGhp0A,Noticias Telemundo,negativo,0.006553151644766331,0.15572063624858856,0.8377261757850647,-0.8312
Ugxy4k7pO6jFtwyDyFp4AaABAg,n8iP75gIpmw,UCtUR3_CAiE7fCoZHM6cMfyQ,UCE4rsXcgDb6e1-a9iTbWzfg,Quorum,negativo,0.009342489764094353,0.11474765837192535,0.8759098649024963,-0.8666
Ugxz9vnSvQJNt4YNbYV4AaABAg,WIUZtitfLRw,UCGj2v6Gl5bN8NSrzJMXS-CA,UCE4rsXcgDb6e1-a9iTbWzfg,Quorum,negativo,0.003016380127519369,0.020877009257674217,0.976106584072113,-0.9731
UgxzETIqBajjXFTGd_R4AaABAg,yLZS3JiEBg8,UCbrtvygfRT6QXqWDNrOf-cA,UCE4rsXcgDb6e1-a9iTbWzfg,Quorum,negativo,0.002309266710653901,0.015115019865334034,0.9825757741928101,-0.9803
UgxzN9_I9vkDCdX_8dN4AaABAg,n8iP75gIpmw,UCOh6DaZC_x9HASnlRylEMfw,UCE4rsXcgDb6e1-a9iTbWzfg,Quorum,negativo,0.02006244659423828,0.1265016496181488,0.8534359335899353,-0.8334
Ugy0LbKWrqUFhWPRoKN4AaABAg,n8iP75gIpmw,UCL1MT278vSaQ83ZDkVWn1gw,UCE4rsXcgDb6e1-a9iTbWzfg,Quorum,negativo,0.009660232812166214,0.06557248532772064,0.9247673153877258,-0.9151
Ugy0LbKWrqUFhWPRoKN4AaABAg.A7epXgDRFjZA7f-Z-rKQOV,n8iP75gIpmw,UC8G5cJONY8L9voMyBW8Eoug,UCE4rsXcgDb6e1-a9iTbWzfg,Quorum,negativo,0.010355569422245026,0.037871893495321274,0.9517725110054016,-0.9414
Ugy0dVAcWghuyCdAVS54AaABAg,n8iP75gIpmw,UC7VUuJr9cGh845CmTvf7TlQ,UCE4rsXcgDb6e1-a9iTbWzfg,Quorum,negativo,0.006054547615349293,0.02811158262193203,0.965833842754364,-0.9598
Ugy1neHHTJYO0umhgLt4AaABAg,n8iP75gIpmw,UCFhxtoeARHPnXXPcDrOU3Xg,UCE4rsXcgDb6e1-a9iTbWzfg,Quorum,positivo,0.5556806325912476,0.4294368624687195,0.014882460236549377,0.5408
Ugy2FaeBadbmVJj7F714AaABAg,n8iP75gIpmw,UCAlzM_N6xBlMYmM8EBzX86Q,UCE4rsXcgDb6e1-a9iTbWzfg,Quorum,negativo,0.003813182469457388,0.06445454061031342,0.9317322373390198,-0.9279
Ugy4JA9MR8l_gkTNgWh4AaABAg,j43HgwYFKfk,UClqA491Xa5fQcXcJJa-vTWw,UCE4rsXcgDb6e1-a9iTbWzfg,Quorum,negativo,0.00875264685600996,0.02658025361597538,0.9646670818328857,-0.9559
Ugy4ex02KEXL5UFGjw14AaABAg,n8iP75gIpmw,UCHTGCgY2l-DQJIvlA_cpa_Q,UCE4rsXcgDb6e1-a9iTbWzfg,Quorum,negativo,0.01954180747270584,0.08274869620800018,0.8977094292640686,-0.8782
Ugy4utoHlyokVSeSi5h4AaABAg,n8iP75gIpmw,UC3XTwHxygNCgjndsg-UiCQA,UCE4rsXcgDb6e1-a9iTbWzfg,Quorum,negativo,0.007921688258647919,0.07698553800582886,0.9150927662849426,-0.9072
Ugy4x4u9e1_xRoppaMF4AaABAg,6W4u8sGEnGM,UCvDwJBBY1mHK70aTEYl6rsA,UC-ZtFBHzgkYFh7whZkuR_Ag,Gobierno de la República de Guatemala,neutral,0.16587421298027039,0.765795886516571,0.06832989305257797,0.0975
Ugy5j8gzaawBk-mw5et4AaABAg,n8iP75gIpmw,UCkd9W714-947dEE6ZOEBATA,UCE4rsXcgDb6e1-a9iTbWzfg,Quorum,negativo,0.005468966905027628,0.07992403209209442,0.9146071076393127,-0.9091
Ugy5lmf3RzzeJDUeqQd4AaABAg,ndAZjHqzzT8,UCbrtvygfRT6QXqWDNrOf-cA,UCE4rsXcgDb6e1-a9iTbWzfg,Quorum,negativo,0.0030154141131788492,0.014333314262330532,0.9826512932777405,-0.9796
Ugy6Qii72nfxIpYyuCR4AaABAg,6W4u8sGEnGM,UCV3fr-YOixFKCZBbJP1-X4w,UC-ZtFBHzgkYFh7whZkuR_Ag,Gobierno de la República de Guatemala,neutral,0.20472928881645203,0.7034699320793152,0.09180079400539398,0.1129
Ugy6isIL3n6cvYbJG-94AaABAg,JkpVO1hx2f8,UCWWkebAekppaL5b5CNlppuw,UCE4rsXcgDb6e1-a9iTbWzfg,Quorum,positivo,0.5542653799057007,0.3613888919353485,0.084345743060112,0.4699
Ugy6y6DL1AgyNzNpfMZ4AaABAg,n8iP75gIpmw,UCjmPuazZJzscrwvk0QR9RVw,UCE4rsXcgDb6e1-a9iTbWzfg,Quorum,negativo,0.0031231255270540714,0.02321363054215908,0.973663330078125,-0.9705
Ugy7-QbaMzLjAO_vJMB4AaABAg,n8iP75gIpmw,UCipetjeiWj4CZB6EbyYziZg,UCE4rsXcgDb6e1-a9iTbWzfg,Quorum,negativo,0.0038551201578229666,0.021575866267085075,0.9745690822601318,-0.9707
Ugy7Dk5SDB_d3RFlHU94AaABAg,n8iP75gIpmw,UCh5ESQvtzyHDhCA7XyekCFA,UCE4rsXcgDb6e1-a9iTbWzfg,Quorum,negativo,0.0027898047119379044,0.06337951868772507,0.9338306188583374,-0.931
Ugy7b0JTkHodE4sTU_54AaABAg,WIUZtitfLRw,UCZIQnb1fkwe39Iw2TAu-bGA,UCE4rsXcgDb6e1-a9iTbWzfg,Quorum,negativo,0.011414146050810814,0.0644720122218132,0.924113929271698,-0.9127
Ugy8csktFvR0eUZN4cp4AaABAg,n8iP75gIpmw,UCTP3O0rMnc8z8v8jaDQwL0w,UCE4rsXcgDb6e1-a9iTbWzfg,Quorum,negativo,0.022081144154071808,0.2005210518836975,0.777397871017456,-0.7553
UgyAcWsNSqIPesdI3nF4AaABAg,n8iP75gIpmw,UCsUCN0Yq_UyTvKjOJLmNrnQ,UCE4rsXcgDb6e1-a9iTbWzfg,Quorum,negativo,0.006873141508549452,0.0466744564473629,0.9464523792266846,-0.9396
UgyB52GZe4-PXJ2TqYB4AaABAg,j43HgwYFKfk,UC3UVO7pTbeYvZ3ILEyRDskQ,UCE4rsXcgDb6e1-a9iTbWzfg,Quorum,negativo,0.07426856458187103,0.3129902780056,0.6127411127090454,-0.5385
UgyBhR2qUXgMe2NJjRN4AaABAg,PjmxCj-a9Hg,UCuP4UK33HKtJE_S39ksmaTw,UC-ZtFBHzgkYFh7whZkuR_Ag,Gobierno de la República de Guatemala,negativo,0.00550162885338068,0.01933365687727928,0.9751647710800171,-0.9697
UgyC45vItnUiq1QrUtd4AaABAg,PjmxCj-a9Hg,UClsrFGJKWPxxw7MiaEdKLXw,UC-ZtFBHzgkYFh7whZkuR_Ag,Gobierno de la República de Guatemala,negativo,0.013748983852565289,0.08764292299747467,0.8986080884933472,-0.8849
UgyC45vItnUiq1QrUtd4AaABAg.ALgn-KZ7p47ALgvLAMzZ1A,PjmxCj-a9Hg,UCg3eIfd7BrsLEqS0BLkftHA,UC-ZtFBHzgkYFh7whZkuR_Ag,Gobierno de la República de Guatemala,negativo,0.09203723073005676,0.2875159978866577,0.6204468011856079,-0.5284
UgyC45vItnUiq1QrUtd4AaABAg.ALgn-KZ7p47ALgwtbYMM1u,PjmxCj-a9Hg,UCg3eIfd7BrsLEqS0BLkftHA,UC-ZtFBHzgkYFh7whZkuR_Ag,Gobierno de la República de Guatemala,negativo,0.0064738597720861435,0.0923379436135292,0.9011882543563843,-0.8947
UgyC45vItnUiq1QrUtd4AaABAg.ALgn-KZ7p47ALgx6SmnMen,PjmxCj-a9Hg,UCg3eIfd7BrsLEqS0BLkftHA,UC-ZtFBHzgkYFh7whZkuR_Ag,Gobierno de la República de Guatemala,negativo,0.028149861842393875,0.39182767271995544,0.5800224542617798,-0.5519
UgyC9HUMcvW-e_nFJK14AaABAg,06mFNPU0aB8,UCAxvOOHQk7dYPOajzFEVtbA,UCVpSRoZgngfSL03Nlbjtq9A,Noti7,neutral,0.1200929656624794,0.5893128514289856,0.2905941903591156,-0.1705
UgyCFEFtEmhDbi91yCF4AaABAg,06mFNPU0aB8,UCq3mDTTRZnUybct5M9OSXbg,UCVpSRoZgngfSL03Nlbjtq9A,Noti7,neutral,0.04089530557394028,0.5877429246902466,0.37136176228523254,-0.3305
UgyCoulSuwV8jBnjbtN4AaABAg,n8iP75gIpmw,UCGzXwyCzMzGmjmCbH3Hg01Q,UCE4rsXcgDb6e1-a9iTbWzfg,Quorum,negativo,0.010081757791340351,0.04036935791373253,0.9495489597320557,-0.9395
UgyD5CIXnbXNiM-a4VF4AaABAg,6W4u8sGEnGM,UC0HvfEWozTHbwl_iEmJNvVA,UC-ZtFBHzgkYFh7whZkuR_Ag,Gobierno de la República de Guatemala,negativo,0.15892352163791656,0.2513427436351776,0.5897337198257446,-0.4308
UgyE6hk1g9jR7zB67lV4AaABAg,6W4u8sGEnGM,UC14qlobYKqD-DO0j6b75lcA,UC-ZtFBHzgkYFh7whZkuR_Ag,Gobierno de la República de Guatemala,neutral,0.2718464434146881,0.6153472065925598,0.11280634254217148,0.159
UgyEM7_iOGkWV0SbNuB4AaABAg,n8iP75gIpmw,UCiGRBf2RNF0WRKhRVT7zFoA,UCE4rsXcgDb6e1-a9iTbWzfg,Quorum,negativo,0.0037110818084329367,0.03897645324468613,0.9573124051094055,-0.9536
UgyFSrjeDvPsB0fKUdp4AaABAg,6W4u8sGEnGM,UCa36MjQLoPAmgJo-R3G8WQA,UC-ZtFBHzgkYFh7whZkuR_Ag,Gobierno de la República de Guatemala,positivo,0.811734676361084,0.1610928326845169,0.027172492817044258,0.7846
UgyHHYcKhbzXr6xEjth4AaABAg,06mFNPU0aB8,UCjZgFEowMBrsjodqfovzdKw,UCVpSRoZgngfSL03Nlbjtq9A,Noti7,neutral,0.3671937882900238,0.4777684509754181,0.15503773093223572,0.2122
UgyHIuxG8A2lYDRB6vh4AaABAg,6W4u8sGEnGM,UC3YpzAr7pcdKC7BVFEpYzog,UC-ZtFBHzgkYFh7whZkuR_Ag,Gobierno de la República de Guatemala,negativo,0.013670891523361206,0.06304485350847244,0.9232843518257141,-0.9096
UgyHIuxG8A2lYDRB6vh4AaABAg.A_zEyCTHfWFA_zWovudn2B,6W4u8sGEnGM,UCyJhqmMbsvjpoarBBStA2kg,UC-ZtFBHzgkYFh7whZkuR_Ag,Gobierno de la República de Guatemala,negativo,0.008667861111462116,0.06429246068000793,0.9270396828651428,-0.9184
UgyHcSyWHx2SKCg6db14AaABAg,j43HgwYFKfk,UCQqlPPUGqAfWjd-FSh_qn7Q,UCE4rsXcgDb6e1-a9iTbWzfg,Quorum,negativo,0.004076934885233641,0.023920511826872826,0.9720025062561035,-0.9679
UgyIX1zx3bbc9DsK8VR4AaABAg,n8iP75gIpmw,UC8r11yOugM2NuRfitQOxLLg,UCE4rsXcgDb6e1-a9iTbWzfg,Quorum,negativo,0.003168022260069847,0.01789349876344204,0.9789384603500366,-0.9758
UgyIfQ-oDt0uVFZIq9d4AaABAg,PjmxCj-a9Hg,UCusjriFsDHEc2AOjqk-p5ig,UC-ZtFBHzgkYFh7whZkuR_Ag,Gobierno de la República de Guatemala,negativo,0.02157728187739849,0.10477302968502045,0.8736495971679688,-0.8521
UgyIteBIiYe7DjUN3554AaABAg,ndAZjHqzzT8,UCVC2QugcI1G4RvlCiUqd1aQ,UCE4rsXcgDb6e1-a9iTbWzfg,Quorum,neutral,0.318722128868103,0.477862685918808,0.20341521501541138,0.1153
UgyJ7QRY-X3DsJC-t-p4AaABAg,lj983NWyAQY,UC5fvhAfm89JH8eDFdvc0xYw,UCXa6LVjBzUtmcM3cwbd9e2w,Municipalidad de Guatemala,positivo,0.5169392824172974,0.4366500973701477,0.0464107021689415,0.4705
UgyJnStLEHxVNbAfd0p4AaABAg,PjmxCj-a9Hg,UCAV7QIjYhbDJaycQycM_0eQ,UC-ZtFBHzgkYFh7whZkuR_Ag,Gobierno de la República de Guatemala,negativo,0.10358575731515884,0.44459301233291626,0.4518212378025055,-0.3482
UgyMRj1sNq6Xkrqepst4AaABAg,n8iP75gIpmw,UC3E9mAgP7VoAE5mZoAexl5g,UCE4rsXcgDb6e1-a9iTbWzfg,Quorum,negativo,0.004287139046937227,0.01968296431005001,0.9760298728942871,-0.9717
UgyN-BmjI1Qyr5moi-x4AaABAg,n8iP75gIpmw,UCB5p8a5gklc80jJItP6xTHg,UCE4rsXcgDb6e1-a9iTbWzfg,Quorum,negativo,0.030511954799294472,0.18944762647151947,0.7800403833389282,-0.7495
UgyNuIQ1W1M3g8ut6314AaABAg,6W4u8sGEnGM,UC1NiEdJ7gk6FlDexIalWnGg,UC-ZtFBHzgkYFh7whZkuR_Ag,Gobierno de la República de Guatemala,negativo,0.005789052229374647,0.019475119188427925,0.9747357368469238,-0.9689
UgyOyo4VyMiMOhqOkGd4AaABAg,yLZS3JiEBg8,UCdQAuWwyC99MB7Y02Umj26Q,UCE4rsXcgDb6e1-a9iTbWzfg,Quorum,negativo,0.010623925365507603,0.17836925387382507,0.8110068440437317,-0.8004
UgyPm-2rnRLPav43Bt14AaABAg,TT4qJ5FXHYE,UCtowGNY2lnlg6O2CkwDgkLg,UCE4rsXcgDb6e1-a9iTbWzfg,Quorum,positivo,0.9634802341461182,0.031403131783008575,0.005116697400808334,0.9584
UgyQQbXS_Q_JYcSefap4AaABAg,OkXlHx0hx-8,UCp_dAUfv8i3LW3zWc24dLaQ,UCRwA1NUcUnwsly35ikGhp0A,Noticias Telemundo,neutral,0.039754997938871384,0.5370835661888123,0.42316144704818726,-0.3834
UgyQxncw9dtHgZFgp014AaABAg,UhL9y3KUl8E,UC_NRVt2UP88ZNTwzrZ66JSg,UCE4rsXcgDb6e1-a9iTbWzfg,Quorum,positivo,0.974341630935669,0.022867634892463684,0.0027907525654882193,0.9716
UgyRmKHMG-ygpot6nY14AaABAg,j43HgwYFKfk,UCylqlpsh8ENNM1LqgQ1KbxA,UCE4rsXcgDb6e1-a9iTbWzfg,Quorum,negativo,0.08636605739593506,0.23426435887813568,0.6793695688247681,-0.593
UgyS31-ujtXB5VmjBRV4AaABAg,j43HgwYFKfk,UCRvPToDkkumha7WJAfCDk1A,UCE4rsXcgDb6e1-a9iTbWzfg,Quorum,negativo,0.028887376189231873,0.1225302517414093,0.84858238697052,-0.8197
UgySlQlmZmrLAq5JsLx4AaABAg,PjmxCj-a9Hg,UCPZueDLrCS4BmTBRMA4q0fA,UC-ZtFBHzgkYFh7whZkuR_Ag,Gobierno de la República de Guatemala,negativo,0.06412307173013687,0.28020089864730835,0.6556760668754578,-0.5916
UgySlQlmZmrLAq5JsLx4AaABAg.ALh5XYlqNufALhOuUP3UYB,PjmxCj-a9Hg,UC7IMsCxfZyWN7YQo8-JYa6Q,UC-ZtFBHzgkYFh7whZkuR_Ag,Gobierno de la República de Guatemala,negativo,0.00837032776325941,0.02795306034386158,0.9636765718460083,-0.9553
UgySttznhywvGXZyF-N4AaABAg,lj983NWyAQY,UCHMQ_lDhibZ-XZ_3fo6oxwg,UCXa6LVjBzUtmcM3cwbd9e2w,Municipalidad de Guatemala,positivo,0.9602110385894775,0.03432692587375641,0.005462087690830231,0.9547
UgyVLVHQ4zNBKTTDxtp4AaABAg,n8iP75gIpmw,UCpsKOkt5iWTbenzeuq7dsmQ,UCE4rsXcgDb6e1-a9iTbWzfg,Quorum,negativo,0.004869382828474045,0.059523578733205795,0.9356069564819336,-0.9307
UgyWzgDknElvfn9oFJZ4AaABAg,j43HgwYFKfk,UC7dadZG7kkGYnsNu6td0FbA,UCE4rsXcgDb6e1-a9iTbWzfg,Quorum,negativo,0.03107786364853382,0.20539355278015137,0.7635286450386047,-0.7325
UgyX06qZFc3cNK6223J4AaABAg,n8iP75gIpmw,UCrJn_rbo_ENAdeqneS-RmRw,UCE4rsXcgDb6e1-a9iTbWzfg,Quorum,negativo,0.004426002036780119,0.026549655944108963,0.9690243005752563,-0.9646
UgyXTA5oFwzI70TKCUd4AaABAg,is3Mk5oC19g,UCFFrEmn6lPYiWyElpfzTy5Q,UCt5Dw7ePnn0AqPqRF8Xpjkw,TN23 Guatemala,negativo,0.009439357556402683,0.12069337069988251,0.8698673248291016,-0.8604
UgyYPJkzW5rbOUI_vcd4AaABAg,TT4qJ5FXHYE,UCNiMNUJvaRJb0_QLClqwVnA,UCE4rsXcgDb6e1-a9iTbWzfg,Quorum,positivo,0.9220931529998779,0.06980491429567337,0.00810186192393303,0.914
UgyYRHeJlfB9VF69LSp4AaABAg,lj983NWyAQY,UCs_5qeqdku9tGAq22y3OcuQ,UCXa6LVjBzUtmcM3cwbd9e2w,Municipalidad de Guatemala,positivo,0.9734967947006226,0.023761657997965813,0.0027416059747338295,0.9708
UgyYaWYhDStGYWDGkb94AaABAg,j43HgwYFKfk,UCCBYcToQ2dwkd6TJh0FSyDg,UCE4rsXcgDb6e1-a9iTbWzfg,Quorum,neutral,0.02873963676393032,0.5647939443588257,0.40646636486053467,-0.3777
UgyYh5BUgByoCy2qNBR4AaABAg,yLZS3JiEBg8,UCxcoDvP-g2_KTZDmVZtvb3w,UCE4rsXcgDb6e1-a9iTbWzfg,Quorum,negativo,0.004147747065871954,0.0615164116024971,0.9343358278274536,-0.9302
UgyZ2zEvW_CClk8k15F4AaABAg,j43HgwYFKfk,UCW-JC6lebVmf2P1dmY_L94g,UCE4rsXcgDb6e1-a9iTbWzfg,Quorum,positivo,0.8971847295761108,0.08685195446014404,0.015963364392518997,0.8812
Ugy_6i8lJAd2eVIRNjx4AaABAg,j43HgwYFKfk,UCgJNFj5dnxXpcMvmuhZDPxA,UCE4rsXcgDb6e1-a9iTbWzfg,Quorum,positivo,0.916450023651123,0.07214929908514023,0.011400706134736538,0.905
Ugy__nsWCBggw9EzOUd4AaABAg,n8iP75gIpmw,UCFoIAE8k82D6AV-8gjjKaNg,UCE4rsXcgDb6e1-a9iTbWzfg,Quorum,negativo,0.007878134958446026,0.09545525163412094,0.8966665863990784,-0.8888
Ugy__nsWCBggw9EzOUd4AaABAg.A7lbRpGUZoHA7nJxaD37u-,n8iP75gIpmw,UCFjudnPLoaSL1BaRuLahyHg,UCE4rsXcgDb6e1-a9iTbWzfg,Quorum,neutral,0.2780205011367798,0.4796285927295685,0.24235086143016815,0.0357
Ugy_ejYOfCK6ERWL_dt4AaABAg,j43HgwYFKfk,UCe8JZoYkX5oKUZyivHYdXhw,UCE4rsXcgDb6e1-a9iTbWzfg,Quorum,negativo,0.0021555693820118904,0.04863189905881882,0.9492125511169434,-0.9471
Ugy_hCCLd8GwWbnIbsd4AaABAg,ndAZjHqzzT8,UCnU8wO1OurAmGstDw6VGjgQ,UCE4rsXcgDb6e1-a9iTbWzfg,Quorum,neutral,0.4191572964191437,0.4856438636779785,0.09519882500171661,0.324
Ugyav8Au2cT8yVfYgp54AaABAg,PjmxCj-a9Hg,UCf5lnNZF7Qrtli9v4N_23WQ,UC-ZtFBHzgkYFh7whZkuR_Ag,Gobierno de la República de Guatemala,negativo,0.015162799507379532,0.43119457364082336,0.5536426305770874,-0.5385
Ugyb2uIeZGcNljNqap94AaABAg,j43HgwYFKfk,UCW80DaMjQlEUibC98Cot-Dg,UCE4rsXcgDb6e1-a9iTbWzfg,Quorum,negativo,0.004635315388441086,0.013551643118262291,0.9818130731582642,-0.9772
UgycKHbiLBi0WcSs8sh4AaABAg,n8iP75gIpmw,UCL13XhnRzbGokEkCkEOb0-g,UCE4rsXcgDb6e1-a9iTbWzfg,Quorum,negativo,0.011695092543959618,0.08689149469137192,0.9014135003089905,-0.8897
UgyciTatiqHr2BpFTqJ4AaABAg,j43HgwYFKfk,UCDrmf9y9nLgFY5wnA2hTuGA,UCE4rsXcgDb6e1-a9iTbWzfg,Quorum,neutral,0.3933144211769104,0.5814414620399475,0.025244124233722687,0.3681
UgydkbyzemdvsBJrYxt4AaABAg,n8iP75gIpmw,UCTD6q1nyIe3Y7HhqjaMj72w,UCE4rsXcgDb6e1-a9iTbWzfg,Quorum,negativo,0.008989610709249973,0.1830456703901291,0.8079647421836853,-0.799
UgyeTw07aydjDqK4crN4AaABAg,lj983NWyAQY,UC0aEyakBPqcBkVJiErfSupQ,UCXa6LVjBzUtmcM3cwbd9e2w,Municipalidad de Guatemala,positivo,0.8737462759017944,0.11900844424962997,0.007245323620736599,0.8665
Ugyeb8_nptWKXnFXH8F4AaABAg,n8iP75gIpmw,UChs3tU2BcKOT0CezykvAsGw,UCE4rsXcgDb6e1-a9iTbWzfg,Quorum,negativo,0.011563077569007874,0.1496763676404953,0.838760495185852,-0.8272
Ugyejets0FNr0Zh-VuZ4AaABAg,n8iP75gIpmw,UC650pRT-OYzny3GwOH8Cgfw,UCE4rsXcgDb6e1-a9iTbWzfg,Quorum,negativo,0.0021781304385513067,0.011914758011698723,0.9859070777893066,-0.9837
UgyfMf4MkQsDKavjbLV4AaABAg,n8iP75gIpmw,UC9vMq1YF-e7C-VO0SHkbUTA,UCE4rsXcgDb6e1-a9iTbWzfg,Quorum,negativo,0.012906515970826149,0.048771679401397705,0.9383218884468079,-0.9254
UgyhYgz2ilvm1-T5IW94AaABAg,j43HgwYFKfk,UCWoAVGVqCn4xtINCMOTM4jg,UCE4rsXcgDb6e1-a9iTbWzfg,Quorum,negativo,0.0025136577896773815,0.015734579414129257,0.9817517399787903,-0.9792
UgyiGiWPuiTR2hkzmVd4AaABAg,n8iP75gIpmw,UCDPWkUX3sNNaCx-m1dV4glA,UCE4rsXcgDb6e1-a9iTbWzfg,Quorum,negativo,0.01041572168469429,0.08807291835546494,0.9015113115310669,-0.8911
UgyiegHTZAVz8J4Ogvt4AaABAg,j43HgwYFKfk,UCsGoJEvb-cFPZ2rWoJcXzEQ,UCE4rsXcgDb6e1-a9iTbWzfg,Quorum,positivo,0.9621148109436035,0.031890034675598145,0.005995114333927631,0.9561
UgyihMW-pXKI2cEDqWx4AaABAg,n8iP75gIpmw,UCXXh7yg5KUFIWylTiKVEFKQ,UCE4rsXcgDb6e1-a9iTbWzfg,Quorum,negativo,0.010577117092907429,0.055544037371873856,0.9338788390159607,-0.9233
UgyisqlInC7oBNbU95Z4AaABAg,n8iP75gIpmw,UC5H8ASmMC9WrURmzeB4ySog,UCE4rsXcgDb6e1-a9iTbWzfg,Quorum,neutral,0.2280740737915039,0.7149749994277954,0.05695093795657158,0.1711
Ugyk3PqfIuDEuXyeb494AaABAg,n8iP75gIpmw,UCfM3nrxtTQMY5jFx1v1J4Gg,UCE4rsXcgDb6e1-a9iTbWzfg,Quorum,negativo,0.016149846836924553,0.10846740007400513,0.8753827214241028,-0.8592
UgykKTDDGdoiNQIuYJd4AaABAg,n8iP75gIpmw,UCp4iw5_5SmV9VGTFSNVGOmQ,UCE4rsXcgDb6e1-a9iTbWzfg,Quorum,negativo,0.028049413114786148,0.1190614327788353,0.8528891205787659,-0.8248
UgymHCpILRINq5oT_7B4AaABAg,lj983NWyAQY,UCIp19h9igblA2YKfSLPDAug,UCXa6LVjBzUtmcM3cwbd9e2w,Municipalidad de Guatemala,positivo,0.6076697707176208,0.34528252482414246,0.04704773798584938,0.5606
UgymHZwhYtsW9EYkxdl4AaABAg,n8iP75gIpmw,UCQtICyzWmhC5woCtbNgaSmg,UCE4rsXcgDb6e1-a9iTbWzfg,Quorum,neutral,0.047244347631931305,0.5623548030853271,0.390400767326355,-0.3432
Ugynh0Cq17X889qHS0J4AaABAg,n8iP75gIpmw,UCwha8rxULYMVtNwZWeSkE1A,UCE4rsXcgDb6e1-a9iTbWzfg,Quorum,negativo,0.01917354203760624,0.11069528758525848,0.8701311349868774,-0.851
UgyoRKhs1yP8oKoD3uh4AaABAg,j43HgwYFKfk,UCylqlpsh8ENNM1LqgQ1KbxA,UCE4rsXcgDb6e1-a9iTbWzfg,Quorum,negativo,0.05810880288481712,0.31582212448120117,0.6260689496994019,-0.568
UgyoglGwyV2PhIAvHdt4AaABAg,j43HgwYFKfk,UCHbwIx9pmQuf7i-4_xO2EpA,UCE4rsXcgDb6e1-a9iTbWzfg,Quorum,neutral,0.43256235122680664,0.4531790018081665,0.11425868421792984,0.3183
UgyqA5EpXnBPn_uH-KB4AaABAg,j43HgwYFKfk,UCu8_3-Wg-YzNyvHYQDEscfw,UCE4rsXcgDb6e1-a9iTbWzfg,Quorum,negativo,0.007641734555363655,0.06603573262691498,0.9263225197792053,-0.9187
Ugyr_-OfFbHlc9uWhg94AaABAg,OkXlHx0hx-8,UCIgoiXdIKJyUGmUoH2Lxdzg,UCRwA1NUcUnwsly35ikGhp0A,Noticias Telemundo,negativo,0.01731812208890915,0.09828221797943115,0.8843995928764343,-0.8671
UgysnIFZt6-_f2iGbid4AaABAg,06mFNPU0aB8,UCXN2s7DwTJm33xO-pNkAdaA,UCVpSRoZgngfSL03Nlbjtq9A,Noti7,positivo,0.49918094277381897,0.41179782152175903,0.089021235704422,0.4102
UgysqnYM0p-_jyWisMJ4AaABAg,lj983NWyAQY,UCgLrWFdYitoP-b7-PxtUr-w,UCXa6LVjBzUtmcM3cwbd9e2w,Municipalidad de Guatemala,neutral,0.16321180760860443,0.746923565864563,0.08986461162567139,0.0733
UgysslM7dkNnQ1JT7Mh4AaABAg,j43HgwYFKfk,UCAKuKvcbfnBD3kF5njNu-IA,UCE4rsXcgDb6e1-a9iTbWzfg,Quorum,positivo,0.9078254103660583,0.08290105313062668,0.00927357841283083,0.8986
UgyuZ00FMdgmao7sNMx4AaABAg,n8iP75gIpmw,UCFxE8GbokBrBsPEKM1xrOjQ,UCE4rsXcgDb6e1-a9iTbWzfg,Quorum,negativo,0.00396353006362915,0.021801359951496124,0.9742350578308105,-0.9703
Ugyuk_4Gq9tbJjGZVRl4AaABAg,n8iP75gIpmw,UCh5ESQvtzyHDhCA7XyekCFA,UCE4rsXcgDb6e1-a9iTbWzfg,Quorum,negativo,0.003604916390031576,0.024102965369820595,0.9722921252250671,-0.9687
UgyvMO5z1LjtvyRIIxd4AaABAg,is3Mk5oC19g,UCk4O-J1BhoqPmig1KLGJePA,UCt5Dw7ePnn0AqPqRF8Xpjkw,TN23 Guatemala,negativo,0.025669412687420845,0.40391382575035095,0.5704168081283569,-0.5447
UgyvSxtnuw9xRiNU5tl4AaABAg,j43HgwYFKfk,UCUoYsrx1oZnCZ0usbBJn4fA,UCE4rsXcgDb6e1-a9iTbWzfg,Quorum,negativo,0.027394356206059456,0.040159255266189575,0.9324464201927185,-0.9051
UgyxvyPVCur3jgc_1mx4AaABAg,b_Hkrkl3adA,UCHu8x4MVkayU6VgwVKd--MQ,UCEepOY2svuxbsJ-zsAPT9Fg,PrensaLibreOficial,negativo,0.005943150259554386,0.019862566143274307,0.9741942882537842,-0.9683
UgyypM6Ts6Ut_EuFcdN4AaABAg,n8iP75gIpmw,UC-jS_kA9w-OmpupXDx156Rg,UCE4rsXcgDb6e1-a9iTbWzfg,Quorum,negativo,0.007021122146397829,0.02247428335249424,0.9705045819282532,-0.9635
Ugyyx5lXrgFXsraCIMh4AaABAg,n8iP75gIpmw,UC9vMq1YF-e7C-VO0SHkbUTA,UCE4rsXcgDb6e1-a9iTbWzfg,Quorum,negativo,0.011768816038966179,0.3127698600292206,0.6754612922668457,-0.6637
UgyzKNq94Z4Y2GSth514AaABAg,yLZS3JiEBg8,UChT7pzGytNd92Nmvi-zuWog,UCE4rsXcgDb6e1-a9iTbWzfg,Quorum,neutral,0.3156675100326538,0.607589840888977,0.07674259692430496,0.2389
Ugyzgy-Lqlq6CTb4GPB4AaABAg,n8iP75gIpmw,UChZknRmJkeGeQk0-mQuhDOg,UCE4rsXcgDb6e1-a9iTbWzfg,Quorum,negativo,0.007921436801552773,0.056392472237348557,0.9356861710548401,-0.9278
UgyzzIxBoO0_7kX1EWJ4AaABAg,WIUZtitfLRw,UCOARn3hnfkB7-_Rwa8Hoqcw,UCE4rsXcgDb6e1-a9iTbWzfg,Quorum,negativo,0.002845992101356387,0.01448433194309473,0.9826697111129761,-0.9798
Ugz-XNtfLx0lzcoHUXN4AaABAg,b_Hkrkl3adA,UC9Wp6vL5oCU37qC3Aj94WZA,UCEepOY2svuxbsJ-zsAPT9Fg,PrensaLibreOficial,negativo,0.010795184411108494,0.029187554493546486,0.9600172638893127,-0.9492
Ugz158DoUO_zyZlglG14AaABAg,06mFNPU0aB8,UCIXLDYqR_syskKRJy_x9W9Q,UCVpSRoZgngfSL03Nlbjtq9A,Noti7,neutral,0.14950214326381683,0.506961464881897,0.343536376953125,-0.194
Ugz1TFgP101cP3SQAW94AaABAg,n8iP75gIpmw,UCYN4wSQ1Sx4_LurxLlW7MPg,UCE4rsXcgDb6e1-a9iTbWzfg,Quorum,negativo,0.0053483485244214535,0.038179006427526474,0.9564725756645203,-0.9511
Ugz1VUKAy1iuwk_x2jN4AaABAg,yLZS3JiEBg8,UCTTILH6QCIxbTnEWxwRqs1g,UCE4rsXcgDb6e1-a9iTbWzfg,Quorum,neutral,0.05317993834614754,0.8709689974784851,0.07585100084543228,-0.0227
Ugz1kbHjtN-jQUk3sWd4AaABAg,n8iP75gIpmw,UC5bG9nc_JV3FsNP2KseQiYw,UCE4rsXcgDb6e1-a9iTbWzfg,Quorum,negativo,0.002983217127621174,0.030428560450673103,0.9665881991386414,-0.9636
Ugz200h27x5RIAnswQd4AaABAg,n8iP75gIpmw,UCKDR0f2fu2UzWL8mBv5-BHw,UCE4rsXcgDb6e1-a9iTbWzfg,Quorum,negativo,0.0049614147283136845,0.05598533898591995,0.9390531778335571,-0.9341
Ugz26waEPWK6VtsenFZ4AaABAg,PjmxCj-a9Hg,UCNIeXbV_mEwpa412h1aqUWw,UC-ZtFBHzgkYFh7whZkuR_Ag,Gobierno de la República de Guatemala,positivo,0.5330439209938049,0.3993948698043823,0.06756123900413513,0.4655
Ugz26waEPWK6VtsenFZ4AaABAg.ALglV0O_2mtALgq1_mUSB_,PjmxCj-a9Hg,UCbYoNG5J3Au5BqtbXogfEFw,UC-ZtFBHzgkYFh7whZkuR_Ag,Gobierno de la República de Guatemala,neutral,0.03717880696058273,0.7503015995025635,0.2125196009874344,-0.1753
Ugz2Y0LOPaJfoV8R01d4AaABAg,n8iP75gIpmw,UCl0ekS9Tt0jJGtOEM18S63w,UCE4rsXcgDb6e1-a9iTbWzfg,Quorum,neutral,0.17186366021633148,0.6434847712516785,0.18465153872966766,-0.0128
Ugz5OziU6YjREVjZJUZ4AaABAg,PjmxCj-a9Hg,UCVQf0tzL7xRzFJsABVVULpg,UC-ZtFBHzgkYFh7whZkuR_Ag,Gobierno de la República de Guatemala,negativo,0.006879696622490883,0.02791430987417698,0.9652060866355896,-0.9583
Ugz6naDsqtHsbONkRBl4AaABAg,b_Hkrkl3adA,UCsUCN0Yq_UyTvKjOJLmNrnQ,UCEepOY2svuxbsJ-zsAPT9Fg,PrensaLibreOficial,negativo,0.022139277309179306,0.20282147824764252,0.7750391960144043,-0.7529
Ugz76M4X7jXyiAqAC_d4AaABAg,n8iP75gIpmw,UCsSXdJct-nsS8DsABoEsaYA,UCE4rsXcgDb6e1-a9iTbWzfg,Quorum,neutral,0.0685514435172081,0.8850530385971069,0.04639559984207153,0.0222
Ugz76M4X7jXyiAqAC_d4AaABAg.A7j4tx1RMDbA7oQQlZnZR4,n8iP75gIpmw,UC9xr9QvIcDvoZNUX5f-jaZw,UCE4rsXcgDb6e1-a9iTbWzfg,Quorum,negativo,0.035613302141427994,0.3725624978542328,0.5918241739273071,-0.5562
Ugz7WPxTOQEwmZpnx_V4AaABAg,n8iP75gIpmw,UCi1b_TRQfgO1Z9O2gNGGWNA,UCE4rsXcgDb6e1-a9iTbWzfg,Quorum,negativo,0.013993182219564915,0.18066288530826569,0.8053438663482666,-0.7914
Ugz8BbgcucTeHAjfvqJ4AaABAg,n8iP75gIpmw,UCpl8rF8uv_8uui-QRvuJaRA,UCE4rsXcgDb6e1-a9iTbWzfg,Quorum,positivo,0.9164108633995056,0.0785190761089325,0.005070040933787823,0.9113
Ugz8fJcHTKHoEWJPwWt4AaABAg,j43HgwYFKfk,UClhMWQ7XKWywYvbRnuf8QsA,UCE4rsXcgDb6e1-a9iTbWzfg,Quorum,neutral,0.048660241067409515,0.7303741574287415,0.22096559405326843,-0.1723
Ugz8hBV9j2KQGtMhPUR4AaABAg,is3Mk5oC19g,UC4kg7zuTfqQKLd2bkZrSYBA,UCt5Dw7ePnn0AqPqRF8Xpjkw,TN23 Guatemala,negativo,0.0408669151365757,0.14399713277816772,0.8151359558105469,-0.7743
Ugz8pKFUmjVv-zF8lvJ4AaABAg,n8iP75gIpmw,UCOLGv5Pf6BF2wFcwUzgcvHg,UCE4rsXcgDb6e1-a9iTbWzfg,Quorum,negativo,0.0074333930388092995,0.04397397115826607,0.9485926628112793,-0.9412
UgzBnKyfiTTp9djPTh54AaABAg,OkXlHx0hx-8,UCbNanjFI51cwGqMAb2rOrBw,UCRwA1NUcUnwsly35ikGhp0A,Noticias Telemundo,positivo,0.7710630893707275,0.2186492532491684,0.010287647135555744,0.7608
UgzBpiHQkRpqfeyCDwd4AaABAg,n8iP75gIpmw,UC2weSE8rpqkGMOp6StYtVfg,UCE4rsXcgDb6e1-a9iTbWzfg,Quorum,negativo,0.004187811631709337,0.016021495684981346,0.9797906279563904,-0.9756
UgzDFSLs4n_6XtQjgjZ4AaABAg,lj983NWyAQY,UCyzf29IYjNw67gGIfsjgtxA,UCXa6LVjBzUtmcM3cwbd9e2w,Municipalidad de Guatemala,positivo,0.815068244934082,0.16303054988384247,0.021901194006204605,0.7932
UgzDK8qo7Il1yafNllJ4AaABAg,PjmxCj-a9Hg,UCzZ6dDCEsLMXbc5pCFXIprw,UC-ZtFBHzgkYFh7whZkuR_Ag,Gobierno de la República de Guatemala,positivo,0.7325999140739441,0.24579408764839172,0.021606050431728363,0.711
UgzESrzC3abcN60poBF4AaABAg,lj983NWyAQY,UCaT6M2zp7X6r6Whd8Vv3kHQ,UCXa6LVjBzUtmcM3cwbd9e2w,Municipalidad de Guatemala,positivo,0.8562853336334229,0.13839507102966309,0.005319615826010704,0.851
UgzFOdujc0-cy9W1Uv14AaABAg,n8iP75gIpmw,UC3NMzdMYryaw82kPTnsaljg,UCE4rsXcgDb6e1-a9iTbWzfg,Quorum,negativo,0.013318894430994987,0.09233122318983078,0.8943499326705933,-0.881
UgzGYzecKVZyDzajKPV4AaABAg,n8iP75gIpmw,UCLggDc_a5HriXv7I1h02sOA,UCE4rsXcgDb6e1-a9iTbWzfg,Quorum,negativo,0.013743098825216293,0.20070868730545044,0.785548210144043,-0.7718
UgzH_SOr2gGO_dDna5J4AaABAg,n8iP75gIpmw,UCSou6a2OuYGSvPjm5psquyA,UCE4rsXcgDb6e1-a9iTbWzfg,Quorum,negativo,0.01989620551466942,0.04033854976296425,0.9397652745246887,-0.9199
UgzJ85lM1ogkB4KOk2d4AaABAg,PjmxCj-a9Hg,UCtNyHmRZtvGF2hSvI2dUBWw,UC-ZtFBHzgkYFh7whZkuR_Ag,Gobierno de la República de Guatemala,negativo,0.0046496158465743065,0.016223330050706863,0.9791271090507507,-0.9745
UgzKcy6Zr6Ele2EAo6J4AaABAg,lj983NWyAQY,UCGqKxQS-z3NZzZF-2w338AA,UCXa6LVjBzUtmcM3cwbd9e2w,Municipalidad de Guatemala,positivo,0.9064171314239502,0.08799676597118378,0.00558608490973711,0.9008
UgzL_lyzP1gwPdnVQ3Z4AaABAg,yLZS3JiEBg8,UCXO1BBohNWXkK9SBDAG2ySg,UCE4rsXcgDb6e1-a9iTbWzfg,Quorum,positivo,0.9503394365310669,0.04351876303553581,0.006141850259155035,0.9442
UgzMXsCXt9Lh-tk3fZd4AaABAg,6W4u8sGEnGM,UChyps3dqY-VY1_wLeq-2lhw,UC-ZtFBHzgkYFh7whZkuR_Ag,Gobierno de la República de Guatemala,positivo,0.47307097911834717,0.2710810601711273,0.2558479905128479,0.2172
UgzMXsCXt9Lh-tk3fZd4AaABAg.A_zGMKwFBhPA_zWhjiGKb7,6W4u8sGEnGM,UCyJhqmMbsvjpoarBBStA2kg,UC-ZtFBHzgkYFh7whZkuR_Ag,Gobierno de la República de Guatemala,positivo,0.8220118880271912,0.15930265188217163,0.018685543909668922,0.8033
UgzM_dw7xZDkJJ8eYQ94AaABAg,n8iP75gIpmw,UCXgr7vXlRrsaskPdo097kGA,UCE4rsXcgDb6e1-a9iTbWzfg,Quorum,negativo,0.032040905207395554,0.3090794086456299,0.6588796973228455,-0.6268
UgzMppllQcjsXkBLgiZ4AaABAg,n8iP75gIpmw,UCylqlpsh8ENNM1LqgQ1KbxA,UCE4rsXcgDb6e1-a9iTbWzfg,Quorum,negativo,0.01070763822644949,0.12120239436626434,0.8680899739265442,-0.8574
UgzOB-KAGGElQGAPxEZ4AaABAg,n8iP75gIpmw,UC4cXueR2bKGFJV0Fk76gwmA,UCE4rsXcgDb6e1-a9iTbWzfg,Quorum,negativo,0.0034566682297736406,0.02596033737063408,0.9705830812454224,-0.9671
UgzOGr7KGQ9pa-CJdgN4AaABAg,n8iP75gIpmw,UCNBnKqWf4d-rS4HwJRQljmQ,UCE4rsXcgDb6e1-a9iTbWzfg,Quorum,negativo,0.006124572828412056,0.06898123770952225,0.9248941540718079,-0.9188
UgzOYjc2Ii04ZArW7vF4AaABAg,n8iP75gIpmw,UCmvOgzmmXbjUthHy-WJ52hQ,UCE4rsXcgDb6e1-a9iTbWzfg,Quorum,negativo,0.014853253029286861,0.1919126659631729,0.79323410987854,-0.7784
UgzOeIbOqa0dhaWyj_B4AaABAg,s0eco-BofOs,UC6xI_MOaxajIWpoP8BH6E_Q,UCE4rsXcgDb6e1-a9iTbWzfg,Quorum,positivo,0.7521453499794006,0.21356497704982758,0.03428967669606209,0.7179
UgzPExq20lnf7-8d7_p4AaABAg,lj983NWyAQY,UCtMBF_1O2jY2INlb_luuB_A,UCXa6LVjBzUtmcM3cwbd9e2w,Municipalidad de Guatemala,positivo,0.7045331001281738,0.2081688493490219,0.08729806542396545,0.6172
UgzQTWwjC_XVPUNxuXp4AaABAg,OkXlHx0hx-8,UCrqXyRsg-_hTosURZ-uvoKg,UCRwA1NUcUnwsly35ikGhp0A,Noticias Telemundo,negativo,0.006433666683733463,0.0386468842625618,0.9549195170402527,-0.9485
UgzRlz8OqalaHh8EnUl4AaABAg,OkXlHx0hx-8,UCGZMgmM92E3njyXNe9-kjAQ,UCRwA1NUcUnwsly35ikGhp0A,Noticias Telemundo,neutral,0.2373797744512558,0.49438413977622986,0.26823610067367554,-0.0309
UgzRlz8OqalaHh8EnUl4AaABAg.Aa9hqaKl_ywAaB_OUjpKKh,OkXlHx0hx-8,UCi2KiZq63sRq8Mfbcp-MelQ,UCRwA1NUcUnwsly35ikGhp0A,Noticias Telemundo,negativo,0.07639537006616592,0.2248414307832718,0.6987631916999817,-0.6224
UgzRyWsi9Ed1wsXKgwd4AaABAg,yLZS3JiEBg8,UCOY3XpD9qMCRSA8AA8c4CAw,UCE4rsXcgDb6e1-a9iTbWzfg,Quorum,positivo,0.945181131362915,0.0470598079264164,0.0077590662986040115,0.9374
UgzSjpcAY2zvJ6i-poh4AaABAg,is3Mk5oC19g,UCfRqgt2O-vjzUDMZY_tnxQw,UCt5Dw7ePnn0AqPqRF8Xpjkw,TN23 Guatemala,negativo,0.03069833107292652,0.22535836696624756,0.7439433336257935,-0.7132
UgzSu6dFpC7PrEYl7AF4AaABAg,n8iP75gIpmw,UC9vMq1YF-e7C-VO0SHkbUTA,UCE4rsXcgDb6e1-a9iTbWzfg,Quorum,negativo,0.006323401350528002,0.06085158511996269,0.9328250288963318,-0.9265
UgzT_1dx4pvgJTFMsnZ4AaABAg,6W4u8sGEnGM,UCp29O_C7cchZV8IxV7Crdag,UC-ZtFBHzgkYFh7whZkuR_Ag,Gobierno de la República de Guatemala,neutral,0.15107207000255585,0.6183150410652161,0.23061291873455048,-0.0795
UgzTqBd3og9IPuVu3o94AaABAg,n8iP75gIpmw,UCrJn_rbo_ENAdeqneS-RmRw,UCE4rsXcgDb6e1-a9iTbWzfg,Quorum,negativo,0.007871080189943314,0.05021071806550026,0.9419182538986206,-0.934
UgzU2eLo006-Cz6rYLZ4AaABAg,ndAZjHqzzT8,UCjJf-AJKRFFWtiN-CSwkDmA,UCE4rsXcgDb6e1-a9iTbWzfg,Quorum,negativo,0.0036288301926106215,0.12041774392127991,0.8759533762931824,-0.8723
UgzVRaRar_M-cPPi92x4AaABAg,is3Mk5oC19g,UCBtB5dIyx-C16UN8ClUD2UA,UCt5Dw7ePnn0AqPqRF8Xpjkw,TN23 Guatemala,negativo,0.044422101229429245,0.35931360721588135,0.5962643027305603,-0.5518
UgzVSZ19e2Cc28bFi-94AaABAg,n8iP75gIpmw,UCDUffaruH6dyUnUGwsTKpgg,UCE4rsXcgDb6e1-a9iTbWzfg,Quorum,negativo,0.055083442479372025,0.0875324085354805,0.8573841452598572,-0.8023
UgzVsPOuFAogocL8wKB4AaABAg,6W4u8sGEnGM,UCgGqw4aqMdMVSGkKiMgrJRQ,UC-ZtFBHzgkYFh7whZkuR_Ag,Gobierno de la República de Guatemala,positivo,0.8767440319061279,0.11763200908899307,0.0056239222176373005,0.8711
UgzWNBqTQMz8ba4pbUd4AaABAg,j43HgwYFKfk,UC32oozucwCF3q8d4m8fyOUg,UCE4rsXcgDb6e1-a9iTbWzfg,Quorum,negativo,0.0063228914514184,0.11868906021118164,0.8749880790710449,-0.8687
UgzWNJK42U_F1IKlwwh4AaABAg,n8iP75gIpmw,UCvApqeCbLod-wejtT4CcVuA,UCE4rsXcgDb6e1-a9iTbWzfg,Quorum,negativo,0.008602139540016651,0.025103500112891197,0.9662943482398987,-0.9577
UgzWs20muY6Ghm9Z7094AaABAg,JkpVO1hx2f8,UCHGd14aYuZZShLD73dkk6mg,UCE4rsXcgDb6e1-a9iTbWzfg,Quorum,positivo,0.7617193460464478,0.19163596630096436,0.046644724905490875,0.7151
UgzXDN6uNEworKy3uqZ4AaABAg,n8iP75gIpmw,UCiMythXHsw7eQEMykCdmMUA,UCE4rsXcgDb6e1-a9iTbWzfg,Quorum,neutral,0.33295005559921265,0.6439623832702637,0.02308763936161995,0.3099
UgzYz6n8mPI0dBWsP2h4AaABAg,j43HgwYFKfk,UC-fiZBS5Gp1eCJd9ucgWnCg,UCE4rsXcgDb6e1-a9iTbWzfg,Quorum,negativo,0.04498999938368797,0.43403372168540955,0.5209762454032898,-0.476
UgzZMPOIKJlwEpgh7zd4AaABAg,b_Hkrkl3adA,UC5PrBbmUlQolwqmiru7yZhw,UCEepOY2svuxbsJ-zsAPT9Fg,PrensaLibreOficial,negativo,0.010146765038371086,0.20706161856651306,0.7827916741371155,-0.7726
UgzZMPOIKJlwEpgh7zd4AaABAg.AaB6SZj2UadAaBRkGrUAJI,b_Hkrkl3adA,UC094EFEmMSdwVa8NQjjYBXg,UCEepOY2svuxbsJ-zsAPT9Fg,PrensaLibreOficial,neutral,0.030618391931056976,0.7816056609153748,0.1877758800983429,-0.1572
UgzZMPOIKJlwEpgh7zd4AaABAg.AaB6SZj2UadAaCH5adXxCo,b_Hkrkl3adA,UCGm3gRBEHGRJYmtCryZLtDw,UCEepOY2svuxbsJ-zsAPT9Fg,PrensaLibreOficial,negativo,0.037565991282463074,0.10553328692913055,0.8569008111953735,-0.8193
UgzZc-W-gVj1t4SXc-54AaABAg,lj983NWyAQY,UCwUAv3_LpWVtTIi7lkmTL7A,UCXa6LVjBzUtmcM3cwbd9e2w,Municipalidad de Guatemala,positivo,0.6555131077766418,0.31687912344932556,0.02760772779583931,0.6279
UgzaTUgOy4ekC0xQoFt4AaABAg,n8iP75gIpmw,UC5H8ASmMC9WrURmzeB4ySog,UCE4rsXcgDb6e1-a9iTbWzfg,Quorum,neutral,0.07315915822982788,0.6006971001625061,0.326143741607666,-0.253
UgzaWev1Ju6338Y7Ehl4AaABAg,ndAZjHqzzT8,UC5wuDq3U3vRAhOQI3D7gNdw,UCE4rsXcgDb6e1-a9iTbWzfg,Quorum,positivo,0.8227894306182861,0.1709442287683487,0.006266344338655472,0.8165
UgzaWev1Ju6338Y7Ehl4AaABAg.A3Wof66r37mA3WrEtkJyep,ndAZjHqzzT8,UCvcu1kR8xMYy_I1Ty-2mV2Q,UCE4rsXcgDb6e1-a9iTbWzfg,Quorum,neutral,0.11878236383199692,0.5289644002914429,0.352253258228302,-0.2335
Ugzb66mq9Rv0T7aalfJ4AaABAg,n8iP75gIpmw,UCXXh7yg5KUFIWylTiKVEFKQ,UCE4rsXcgDb6e1-a9iTbWzfg,Quorum,negativo,0.07491368800401688,0.268017441034317,0.6570689082145691,-0.5822
UgzcJTEHjaN8bEV8Hfd4AaABAg,n8iP75gIpmw,UC3XTwHxygNCgjndsg-UiCQA,UCE4rsXcgDb6e1-a9iTbWzfg,Quorum,negativo,0.004259476438164711,0.01566336676478386,0.9800772070884705,-0.9758
UgzcVyiuFGJ0Yv0C4Zt4AaABAg,n8iP75gIpmw,UCsJJAvrVGupdmhOqgtDp8dg,UCE4rsXcgDb6e1-a9iTbWzfg,Quorum,negativo,0.04348450526595116,0.35269296169281006,0.6038225293159485,-0.5603
Ugzd2CVlJWOmHWBPSkN4AaABAg,n8iP75gIpmw,UCQ_-LPP8JAbfkc-b1Q6NvWw,UCE4rsXcgDb6e1-a9iTbWzfg,Quorum,negativo,0.007126282900571823,0.016544463112950325,0.9763292074203491,-0.9692
UgzeCbhVJhOJATewi5J4AaABAg,n8iP75gIpmw,UCtNfIBnc5S5DbbQj_yxgJTw,UCE4rsXcgDb6e1-a9iTbWzfg,Quorum,neutral,0.09917169064283371,0.4702315330505371,0.43059679865837097,-0.3314
UgzfLTatI6lJD6Z_u_94AaABAg,6W4u8sGEnGM,UC-Iul5tDYH_oiAMXQH-KaaQ,UC-ZtFBHzgkYFh7whZkuR_Ag,Gobierno de la República de Guatemala,positivo,0.9246656894683838,0.07031483948230743,0.005019477568566799,0.9196
UgzfXuFsM8L3Qt6qWJV4AaABAg,WIUZtitfLRw,UCyW68EGZey4ao_Vf2cR5Ztg,UCE4rsXcgDb6e1-a9iTbWzfg,Quorum,negativo,0.006591015495359898,0.03722451254725456,0.956184446811676,-0.9496
Ugzfc9D5wlSKYgY5Jrh4AaABAg,OkXlHx0hx-8,UCZjm6U576nX8WOiLhmMR3bw,UCRwA1NUcUnwsly35ikGhp0A,Noticias Telemundo,negativo,0.017343057319521904,0.21747516095638275,0.765181839466095,-0.7478
Ugzfc9D5wlSKYgY5Jrh4AaABAg.Aa9bbFyRF_AAaB_C3DtL_L,OkXlHx0hx-8,UCi2KiZq63sRq8Mfbcp-MelQ,UCRwA1NUcUnwsly35ikGhp0A,Noticias Telemundo,negativo,0.01953023485839367,0.09981241077184677,0.8806573152542114,-0.8611
Ugzhc5zg6rDOR3ltTAZ4AaABAg,j43HgwYFKfk,UC_LYoGs5C3mbZKZuKuqYCvw,UCE4rsXcgDb6e1-a9iTbWzfg,Quorum,positivo,0.7234101891517639,0.24646404385566711,0.030125834047794342,0.6933
UgzhjFXjeUslGQMZ7KB4AaABAg,6W4u8sGEnGM,UCRfkkatKrNtAARnXMMYBGlA,UC-ZtFBHzgkYFh7whZkuR_Ag,Gobierno de la República de Guatemala,negativo,0.03218322619795799,0.17382824420928955,0.7939884662628174,-0.7618
UgzhtSisQXcyX7bqkzB4AaABAg,n8iP75gIpmw,UCA93ym2TXs_Ibyxb4Vcn-6Q,UCE4rsXcgDb6e1-a9iTbWzfg,Quorum,negativo,0.012086660601198673,0.03648284450173378,0.9514305591583252,-0.9393
Ugzi82q6lRyjtKUL5lV4AaABAg,n8iP75gIpmw,UCAmtbUiIrUIhikru0ZoTFig,UCE4rsXcgDb6e1-a9iTbWzfg,Quorum,negativo,0.023838523775339127,0.07795671373605728,0.8982047438621521,-0.8744
Ugzin8yr1Zz1k47GsSp4AaABAg,n8iP75gIpmw,UCr1emrogPKkKTs_WTtx71xg,UCE4rsXcgDb6e1-a9iTbWzfg,Quorum,negativo,0.14453750848770142,0.42012155055999756,0.43534088134765625,-0.2908
UgzjFGboqNxQ7BcH0bZ4AaABAg,lj983NWyAQY,UCRznz9-N3Qc1w-qNdLSIY2Q,UCXa6LVjBzUtmcM3cwbd9e2w,Municipalidad de Guatemala,positivo,0.9222911596298218,0.07084500789642334,0.006863814778625965,0.9154
UgzjqVqTKYeOrM1kW0F4AaABAg,lj983NWyAQY,UCY7Hq7F9Lnucf-Yr6JkHZNw,UCXa6LVjBzUtmcM3cwbd9e2w,Municipalidad de Guatemala,neutral,0.22863264381885529,0.570614218711853,0.20075304806232452,0.0279
Ugzk5XnOVKoVj8FiOCB4AaABAg,OkXlHx0hx-8,UC-QOpE7GOxlXcHZ8b7HbQKA,UCRwA1NUcUnwsly35ikGhp0A,Noticias Telemundo,negativo,0.01918289065361023,0.2941718101501465,0.6866452693939209,-0.6675
UgzlqevYeQWpdUl_KON4AaABAg,n8iP75gIpmw,UCjSKM9j0Q7HLDr1hD6D-TUw,UCE4rsXcgDb6e1-a9iTbWzfg,Quorum,negativo,0.006210216321051121,0.04025754705071449,0.9535322189331055,-0.9473
Ugzm7wFhhdctNQt_ubl4AaABAg,06mFNPU0aB8,UCwCfs-2zbD5k0lG-UVg_JBw,UCVpSRoZgngfSL03Nlbjtq9A,Noti7,positivo,0.5517473816871643,0.3797643184661865,0.06848835945129395,0.4833
UgzmBKXDgncBFsDjRwd4AaABAg,n8iP75gIpmw,UC72gBAtyb_VXQlYDcFrh6oQ,UCE4rsXcgDb6e1-a9iTbWzfg,Quorum,negativo,0.038776904344558716,0.29404354095458984,0.6671795845031738,-0.6284
UgzmBVMoFVO53-_ZZ-54AaABAg,PjmxCj-a9Hg,UC8xlJWNHz1V_W6q3fbuQH8g,UC-ZtFBHzgkYFh7whZkuR_Ag,Gobierno de la República de Guatemala,positivo,0.8876418471336365,0.08837544918060303,0.02398267760872841,0.8637
UgzpHaLJJjoD9FnKO6p4AaABAg,6W4u8sGEnGM,UCyJhqmMbsvjpoarBBStA2kg,UC-ZtFBHzgkYFh7whZkuR_Ag,Gobierno de la República de Guatemala,positivo,0.8913828730583191,0.09586741775274277,0.012749663554131985,0.8786
UgzpdnDQDBV6UZ96GZh4AaABAg,PjmxCj-a9Hg,UCgQJgI9vu1FI2dnC9mrFthw,UC-ZtFBHzgkYFh7whZkuR_Ag,Gobierno de la República de Guatemala,negativo,0.021464524790644646,0.07787030190229416,0.9006651639938354,-0.8792
UgzpzyaFY6F6IdFxzk14AaABAg,n8iP75gIpmw,UCLFdHr9BEbXHkoJopbEPLZw,UCE4rsXcgDb6e1-a9iTbWzfg,Quorum,negativo,0.013453287072479725,0.3369027376174927,0.6496440172195435,-0.6362
UgzrrbkpudLqNqr7s6R4AaABAg,n8iP75gIpmw,UCRETAiYdh2dL5ZxB0_N1zDA,UCE4rsXcgDb6e1-a9iTbWzfg,Quorum,negativo,0.012100503779947758,0.20592324435710907,0.7819761633872986,-0.7699
Ugzs8eXa8mdQ8wlS4FZ4AaABAg,lj983NWyAQY,UCi-vPdnpQreC7BkFs40mJGA,UCXa6LVjBzUtmcM3cwbd9e2w,Municipalidad de Guatemala,positivo,0.9780178666114807,0.019569680094718933,0.0024124211631715298,0.9756
UgztKpwRx20oET8wGLJ4AaABAg,PjmxCj-a9Hg,UCHTGCgY2l-DQJIvlA_cpa_Q,UC-ZtFBHzgkYFh7whZkuR_Ag,Gobierno de la República de Guatemala,negativo,0.05087846517562866,0.17624589800834656,0.7728756070137024,-0.722
UgzuugQO6qMSbkVsdGp4AaABAg,PjmxCj-a9Hg,UCtNyHmRZtvGF2hSvI2dUBWw,UC-ZtFBHzgkYFh7whZkuR_Ag,Gobierno de la República de Guatemala,neutral,0.05933035537600517,0.88524329662323,0.055426355451345444,0.0039
UgzvKLXKEkVzjn_XRHp4AaABAg,n8iP75gIpmw,UCsjs5Hp_r86x1xbK6FAeqaA,UCE4rsXcgDb6e1-a9iTbWzfg,Quorum,negativo,0.004538930952548981,0.02565769851207733,0.9698033332824707,-0.9653
UgzwvEpQc3M_AWvNDad4AaABAg,lj983NWyAQY,UCRcSR3Lvn9DZAmJpVPANfZQ,UCXa6LVjBzUtmcM3cwbd9e2w,Municipalidad de Guatemala,positivo,0.969292163848877,0.025574233382940292,0.0051336390897631645,0.9642
Ugzx7TTfRu5S-pT0LuZ4AaABAg,n8iP75gIpmw,UCz3gu01bmjNv0DpRq-K3XYg,UCE4rsXcgDb6e1-a9iTbWzfg,Quorum,negativo,0.0292679276317358,0.32229796051979065,0.648434042930603,-0.6192
UgzxhrnRAMNePfy6u7J4AaABAg,PjmxCj-a9Hg,UCGX_UbAQOXGZknv5iqklwTA,UC-ZtFBHzgkYFh7whZkuR_Ag,Gobierno de la República de Guatemala,neutral,0.3161951005458832,0.35480883717536926,0.32899603247642517,-0.0128
UgzzpE27HS1dmWfyATJ4AaABAg,n8iP75gIpmw,UC-hfX8J5JPJ-dfuakzegMLA,UCE4rsXcgDb6e1-a9iTbWzfg,Quorum,positivo,0.6234175562858582,0.3270367980003357,0.04954570159316063,0.5739
