red,nodo,grado
bipartita,UC-HeUTT6_g-VoiWds2a4H-w,1
bipartita,UC-Iul5tDYH_oiAMXQH-KaaQ,1
bipartita,UC-QOpE7GOxlXcHZ8b7HbQKA,1
bipartita,UC-fiZBS5Gp1eCJd9ucgWnCg,1
bipartita,UC-hfX8J5JPJ-dfuakzegMLA,1
bipartita,UC-jS_kA9w-OmpupXDx156Rg,1
bipartita,UC-pNP6RMFuLg_-x7Ah_0kEA,1
bipartita,UC094EFEmMSdwVa8NQjjYBXg,1
bipartita,UC0HvfEWozTHbwl_iEmJNvVA,1
bipartita,UC0RpuMwkDKJYqgKHtsJRuWQ,1
bipartita,UC0aEyakBPqcBkVJiErfSupQ,1
bipartita,UC14qlobYKqD-DO0j6b75lcA,1
bipartita,UC1DpqK6vaPEkBOMNvypsKYg,1
bipartita,UC1NiEdJ7gk6FlDexIalWnGg,1
bipartita,UC1WlJfQmaIskYhP4gmWoamw,1
bipartita,UC1Y7x3h0c95Z8kUhi-Tzaeg,1
bipartita,UC1vr9aaMI2crB0NvwFHUeoQ,1
bipartita,UC2Y_EHWQKevubk4vOEBBFxw,1
bipartita,UC2ngpd8UBQu4gcUYy0goAtg,1
bipartita,UC2weSE8rpqkGMOp6StYtVfg,1
bipartita,UC32oozucwCF3q8d4m8fyOUg,1
bipartita,UC3E9mAgP7VoAE5mZoAexl5g,1
bipartita,UC3MYTqpQqlWBuCB7Th0e0PA,1
bipartita,UC3NMzdMYryaw82kPTnsaljg,1
bipartita,UC3UVO7pTbeYvZ3ILEyRDskQ,1
bipartita,UC3XTwHxygNCgjndsg-UiCQA,1
bipartita,UC3YpzAr7pcdKC7BVFEpYzog,1
bipartita,UC3iIU62XKUOWuqL8BqBzj9A,1
bipartita,UC3qn1yJA5PeW9rkGPatQxiw,1
bipartita,UC4Avya4kmR4Q0FrfFdBozSQ,1
bipartita,UC4cXueR2bKGFJV0Fk76gwmA,1
bipartita,UC4kg7zuTfqQKLd2bkZrSYBA,1
bipartita,UC4wq3DcbfaG6dtCqn8Oyu3w,1
bipartita,UC5H8ASmMC9WrURmzeB4ySog,1
bipartita,UC5PrBbmUlQolwqmiru7yZhw,1
bipartita,UC5PyGvSfFM--OVKmQ3COu6g,1
bipartita,UC5bG9nc_JV3FsNP2KseQiYw,1
bipartita,UC5fvhAfm89JH8eDFdvc0xYw,1
bipartita,UC5hvEnRUzI4Kfvwnyi4QxqQ,1
bipartita,UC5wuDq3U3vRAhOQI3D7gNdw,1
bipartita,UC63tFvbQ_hJhGDi2nbjssjw,1
bipartita,UC650pRT-OYzny3GwOH8Cgfw,1
bipartita,UC6PvO1_k5lHKGdAPo5_C6TA,1
bipartita,UC6Uj1FT5JjDSF8vudvDxPAA,1
bipartita,UC6YSZqL0vEcI-niPKIMUGfw,1
bipartita,UC6xI_MOaxajIWpoP8BH6E_Q,1
bipartita,UC72gBAtyb_VXQlYDcFrh6oQ,1
bipartita,UC7IMsCxfZyWN7YQo8-JYa6Q,1
bipartita,UC7VUuJr9cGh845CmTvf7TlQ,1
bipartita,UC7dadZG7kkGYnsNu6td0FbA,1
bipartita,UC816IGbFCZinfYS1LRDaaHg,1
bipartita,UC8F2V63KZ4ZEay6opX2hAQw,1
bipartita,UC8G5cJONY8L9voMyBW8Eoug,1
bipartita,UC8r11yOugM2NuRfitQOxLLg,1
bipartita,UC8xlJWNHz1V_W6q3fbuQH8g,1
bipartita,UC95PSMouTx2N5CbSq0hIyrQ,1
bipartita,UC9Wp6vL5oCU37qC3Aj94WZA,1
bipartita,UC9vMq1YF-e7C-VO0SHkbUTA,1
bipartita,UC9xr9QvIcDvoZNUX5f-jaZw,1
bipartita,UCA93ym2TXs_Ibyxb4Vcn-6Q,1
bipartita,UCAKuKvcbfnBD3kF5njNu-IA,1
bipartita,UCAV7QIjYhbDJaycQycM_0eQ,1
bipartita,UCAlzM_N6xBlMYmM8EBzX86Q,1
bipartita,UCAmtbUiIrUIhikru0ZoTFig,1
bipartita,UCAxvOOHQk7dYPOajzFEVtbA,1
bipartita,UCB5p8a5gklc80jJItP6xTHg,1
bipartita,UCBlm80VQ4YoV3bUJR_XhkaQ,1
bipartita,UCBtB5dIyx-C16UN8ClUD2UA,1
bipartita,UCCBYcToQ2dwkd6TJh0FSyDg,1
bipartita,UCCUmP4PlbwgikVFpYwbtRTg,1
bipartita,UCCaYwkkbQGcvFoUmothVdQQ,1
bipartita,UCDIMztpVm7G27qBuiWuT6oQ,1
bipartita,UCDPWkUX3sNNaCx-m1dV4glA,1
bipartita,UCDQaQv0hr2SS_PO-CMEwVHg,1
bipartita,UCDUffaruH6dyUnUGwsTKpgg,1
bipartita,UCDftMWXQoJ6nONfY7GVOVjg,1
bipartita,UCDlr1VadSucIZgZ171pRBjQ,1
bipartita,UCDrmf9y9nLgFY5wnA2hTuGA,1
bipartita,UCEHXl4VvvVpq-_4xC5tsbhg,1
bipartita,UCEgEQmRbtL5fwr9_DqAC--g,1
bipartita,UCErZPJpHmLCsXs8ZWkAUupQ,1
bipartita,UCFFrEmn6lPYiWyElpfzTy5Q,1
bipartita,UCFOxCyF926Y9eHhMeVoWLzw,1
bipartita,UCFUuDARXdmmIrLppEqf-rFg,1
bipartita,UCFhxtoeARHPnXXPcDrOU3Xg,1
bipartita,UCFjudnPLoaSL1BaRuLahyHg,1
bipartita,UCFoIAE8k82D6AV-8gjjKaNg,1
bipartita,UCFxE8GbokBrBsPEKM1xrOjQ,1
bipartita,UCFybmWapGvBKcQod7cPPH9w,1
bipartita,UCGGHbtfbbe0o68etrOf0qxw,1
bipartita,UCGX_UbAQOXGZknv5iqklwTA,1
bipartita,UCGZMgmM92E3njyXNe9-kjAQ,1
bipartita,UCGj2v6Gl5bN8NSrzJMXS-CA,1
bipartita,UCGm3gRBEHGRJYmtCryZLtDw,1
bipartita,UCGqKxQS-z3NZzZF-2w338AA,1
bipartita,UCGzXwyCzMzGmjmCbH3Hg01Q,1
bipartita,UCHGd14aYuZZShLD73dkk6mg,1
bipartita,UCHMQ_lDhibZ-XZ_3fo6oxwg,1
bipartita,UCHTGCgY2l-DQJIvlA_cpa_Q,2
bipartita,UCHbwIx9pmQuf7i-4_xO2EpA,1
bipartita,UCHhHUjaMAZ8SiXdCUCj9DkQ,1
bipartita,UCHu8x4MVkayU6VgwVKd--MQ,1
bipartita,UCIUhbSCy3-SGRe5UtqM4fzQ,1
bipartita,UCIXLDYqR_syskKRJy_x9W9Q,1
bipartita,UCIgoiXdIKJyUGmUoH2Lxdzg,1
bipartita,UCIp19h9igblA2YKfSLPDAug,1
bipartita,UCJp3OrVYcBorC94sKwdch_A,1
bipartita,UCJxJC56BSAX-ArD0NAb9qnQ,1
bipartita,UCKDR0f2fu2UzWL8mBv5-BHw,1
bipartita,UCKVzDUqbtdSMBcexaEtMmzQ,1
bipartita,UCL13XhnRzbGokEkCkEOb0-g,1
bipartita,UCL1MT278vSaQ83ZDkVWn1gw,1
bipartita,UCLFdHr9BEbXHkoJopbEPLZw,1
bipartita,UCLXYp1Cvc5DLtq5UQL5D9vw,1
bipartita,UCLggDc_a5HriXv7I1h02sOA,1
bipartita,UCLh1Kde4_vI1sTZBkTNP7RQ,1
bipartita,UCN2N_wYOw6fMwCeSzdXLPIw,1
bipartita,UCN6qbfPSzFtjhqUDZ3Cv3CQ,1
bipartita,UCNBnKqWf4d-rS4HwJRQljmQ,1
bipartita,UCNIeXbV_mEwpa412h1aqUWw,1
bipartita,UCNiMNUJvaRJb0_QLClqwVnA,1
bipartita,UCNkcuy42zEwddwEcOd_HpnA,1
bipartita,UCNpt5CQlTzNjlAKY6CJtClQ,1
bipartita,UCO0zwwLWGyDgQmWPJ5Qrr1w,1
bipartita,UCOARn3hnfkB7-_Rwa8Hoqcw,1
bipartita,UCOLGv5Pf6BF2wFcwUzgcvHg,1
bipartita,UCOLHH4ZpMxPYF-Q6e6wvn5A,1
bipartita,UCOS8ViEkccrTZx2w2ccxotA,1
bipartita,UCOY3XpD9qMCRSA8AA8c4CAw,1
bipartita,UCOcUI5XkTYNMSFhZNMIPpGg,1
bipartita,UCOh6DaZC_x9HASnlRylEMfw,1
bipartita,UCPLW0HE3siElqCgXfgWxMqg,1
bipartita,UCPNXmbOBVeC4HS-xemvcPtQ,1
bipartita,UCPZueDLrCS4BmTBRMA4q0fA,1
bipartita,UCQIdKuZ-OzuFqy0KjGrgesg,1
bipartita,UCQM2tCKRRytVDRxNUfCDqQQ,1
bipartita,UCQMMuADgqWUOcJpLwHOzC-g,1
bipartita,UCQ_-LPP8JAbfkc-b1Q6NvWw,1
bipartita,UCQgYjVngJRfPHDLGB5X6ZjA,1
bipartita,UCQqetiwzzmRNTM5OWuXarGQ,1
bipartita,UCQqlPPUGqAfWjd-FSh_qn7Q,1
bipartita,UCQtICyzWmhC5woCtbNgaSmg,1
bipartita,UCQtSFINs1h6GHkpg9o5kMvg,1
bipartita,UCQyOePccUP-fIJYzchAgZYw,1
bipartita,UCRAquv8el-tQ30bN7MlmySQ,1
bipartita,UCRETAiYdh2dL5ZxB0_N1zDA,1
bipartita,UCRcSR3Lvn9DZAmJpVPANfZQ,1
bipartita,UCRelkU8JiZBytTzebJxaa-w,1
bipartita,UCRfkkatKrNtAARnXMMYBGlA,1
bipartita,UCRlCV9zSn7avAWh-9_XFWqQ,1
bipartita,UCRvPToDkkumha7WJAfCDk1A,1
bipartita,UCRznz9-N3Qc1w-qNdLSIY2Q,1
bipartita,UCSTAUWVc1_82DHYeqOsqEFA,1
bipartita,UCSou6a2OuYGSvPjm5psquyA,1
bipartita,UCTD6q1nyIe3Y7HhqjaMj72w,1
bipartita,UCTP3O0rMnc8z8v8jaDQwL0w,1
bipartita,UCTTILH6QCIxbTnEWxwRqs1g,1
bipartita,UCThW2XNsAaBKme5PUt7n-Zg,1
bipartita,UCTwSut16JyAg3mX6LVUNGqA,1
bipartita,UCTylKrsqkrBKIqubMu_5N0Q,1
bipartita,UCUIIIPTVDVHAXqhC_5V6lPA,1
bipartita,UCUoYsrx1oZnCZ0usbBJn4fA,1
bipartita,UCV0iizTBoOfdAFX_thfI9BA,1
bipartita,UCV0lM03g5fg5pbPj97-sAtA,1
bipartita,UCV3fr-YOixFKCZBbJP1-X4w,1
bipartita,UCVC2QugcI1G4RvlCiUqd1aQ,1
bipartita,UCVQf0tzL7xRzFJsABVVULpg,1
bipartita,UCVdjCrh4tQoX3haNAZv-n5A,1
bipartita,UCVhif9eV0f8plICen2DnpKA,1
bipartita,UCW-JC6lebVmf2P1dmY_L94g,1
bipartita,UCW80DaMjQlEUibC98Cot-Dg,1
bipartita,UCWIZUtKJ636y-4TYrNvok0g,1
bipartita,UCWWkebAekppaL5b5CNlppuw,1
bipartita,UCWaRixDdpgllTBf4V0jPnKQ,1
bipartita,UCWoAVGVqCn4xtINCMOTM4jg,1
bipartita,UCWvntqPQx99k_Z_skWKqNSA,1
bipartita,UCXN2s7DwTJm33xO-pNkAdaA,1
bipartita,UCXO1BBohNWXkK9SBDAG2ySg,1
bipartita,UCXSkL3ejZ8qWYyF_M7s_QKA,1
bipartita,UCXVLc8CmAO813ubM-fLvCDw,1
bipartita,UCXXh7yg5KUFIWylTiKVEFKQ,1
bipartita,UCXgr7vXlRrsaskPdo097kGA,1
bipartita,UCXl30Y_upRqbti52fmjK4YA,1
bipartita,UCXmrpc6Li0spcKxtS0Q_ptg,1
bipartita,UCXr8_5WtGeipe4haOoQDgyQ,1
bipartita,UCY7Hq7F9Lnucf-Yr6JkHZNw,1
bipartita,UCYN4wSQ1Sx4_LurxLlW7MPg,1
bipartita,UCYwpX26TrCxq8TvbKGRYLXA,1
bipartita,UCZ51R_9Q9C0c8I3pAWhtmjQ,1
bipartita,UCZFQwqh90apuL8eFhvRBkUg,1
bipartita,UCZIQnb1fkwe39Iw2TAu-bGA,1
bipartita,UCZLG9qH0tUjNhEGFIUt0CYw,1
bipartita,UCZOmq6MwFDVoCaEl99BRRaw,1
bipartita,UCZeIIQrGAedW8tCbKWmGY-A,1
bipartita,UCZjm6U576nX8WOiLhmMR3bw,1
bipartita,UC_3xuTXvMIWU5MYP9HkJ3vQ,1
bipartita,UC_6KbBY1bsYXz9fwFS0eQRg,1
bipartita,UC_LYoGs5C3mbZKZuKuqYCvw,1
bipartita,UC_NRVt2UP88ZNTwzrZ66JSg,1
bipartita,UC_ljZ1hZXR9pzexFz87P5ZA,1
bipartita,UCa36MjQLoPAmgJo-R3G8WQA,1
bipartita,UCaKAjTW9MVub_clgr4DRYjQ,1
bipartita,UCaT4saRcyqCLE657Rq2hhZQ,1
bipartita,UCaT6M2zp7X6r6Whd8Vv3kHQ,1
bipartita,UCat2qkYvqmtDNEmo2PVuhXw,1
bipartita,UCbNanjFI51cwGqMAb2rOrBw,1
bipartita,UCbYoNG5J3Au5BqtbXogfEFw,1
bipartita,UCbrtvygfRT6QXqWDNrOf-cA,2
bipartita,UCcFIBN-rtC3d3hXeuN5TfWw,1
bipartita,UCc_F88PzGWtA1OPNUEASulA,1
bipartita,UCcfdg8crmMJwEuLUsAhV7yg,1
bipartita,UCdFlugHJJa4l3YqWuNRmvXw,2
bipartita,UCdQAuWwyC99MB7Y02Umj26Q,1
bipartita,UCe8JZoYkX5oKUZyivHYdXhw,1
bipartita,UCeDNEtI8_a42bZ47wJiJMwQ,1
bipartita,UCeQk-WfEA-cJRq4EKeE7TOw,1
bipartita,UCefAH1MbvADWUjE9WVcB9EQ,1
bipartita,UCf5lnNZF7Qrtli9v4N_23WQ,1
bipartita,UCfM3nrxtTQMY5jFx1v1J4Gg,1
bipartita,UCfRqgt2O-vjzUDMZY_tnxQw,1
bipartita,UCfXykdbSU97rj987LDUGfvg,1
bipartita,UCfjhejO7LZy4doXURa7LZCQ,1
bipartita,UCfo_yUPzy1f1POwwZxhZ06Q,1
bipartita,UCg3eIfd7BrsLEqS0BLkftHA,1
bipartita,UCgGqw4aqMdMVSGkKiMgrJRQ,1
bipartita,UCgJNFj5dnxXpcMvmuhZDPxA,1
bipartita,UCgLrWFdYitoP-b7-PxtUr-w,1
bipartita,UCgLurCo-e019HGODcjXHWCw,1
bipartita,UCgQJgI9vu1FI2dnC9mrFthw,1
bipartita,UCgQw_Sbq3ugruDUKsq1e0-A,1
bipartita,UCgvw7xIdGFupzpt1Y_BFkEA,1
bipartita,UCh5ESQvtzyHDhCA7XyekCFA,1
bipartita,UChT7pzGytNd92Nmvi-zuWog,1
bipartita,UChZknRmJkeGeQk0-mQuhDOg,1
bipartita,UCheEJ5GZuIvV0fj-nXyVwXw,1
bipartita,UChep9kVb5gQmpodEEl10Xlg,1
bipartita,UChgkn5Jt5tWKYMoEOuCjz3Q,1
bipartita,UChs3tU2BcKOT0CezykvAsGw,1
bipartita,UChyps3dqY-VY1_wLeq-2lhw,1
bipartita,UCi-vPdnpQreC7BkFs40mJGA,1
bipartita,UCi1b_TRQfgO1Z9O2gNGGWNA,1
bipartita,UCi2KiZq63sRq8Mfbcp-MelQ,1
bipartita,UCiC-Jn7wdgyQV4_Urk0DkWQ,1
bipartita,UCiGRBf2RNF0WRKhRVT7zFoA,1
bipartita,UCiMythXHsw7eQEMykCdmMUA,1
bipartita,UCiOZX__1gahg1ypIj0_XG_w,1
bipartita,UCipetjeiWj4CZB6EbyYziZg,1
bipartita,UCj-LL25XJnjxepPKCc3NGog,1
bipartita,UCjJf-AJKRFFWtiN-CSwkDmA,1
bipartita,UCjSKM9j0Q7HLDr1hD6D-TUw,1
bipartita,UCjZgFEowMBrsjodqfovzdKw,2
bipartita,UCjmPuazZJzscrwvk0QR9RVw,1
bipartita,UCk4O-J1BhoqPmig1KLGJePA,1
bipartita,UCkVtmkK07b2zaVVNssX4lOg,1
bipartita,UCkbsS_3D-pvg1iHOld9uvIg,1
bipartita,UCkd9W714-947dEE6ZOEBATA,1
bipartita,UCkxdJ_yGN2gghOMo2ybQtXQ,1
bipartita,UCl0ekS9Tt0jJGtOEM18S63w,1
bipartita,UCld2stqxaVSk0QdGncM224A,1
bipartita,UClhMWQ7XKWywYvbRnuf8QsA,1
bipartita,UCljDbleJul41G1TzOjOZAVA,1
bipartita,UClqA491Xa5fQcXcJJa-vTWw,1
bipartita,UClsrFGJKWPxxw7MiaEdKLXw,1
bipartita,UCmjppp6ujz3SAnULvP3sZMw,1
bipartita,UCmvOgzmmXbjUthHy-WJ52hQ,1
bipartita,UCnU8wO1OurAmGstDw6VGjgQ,1
bipartita,UCoGdCoJg2Lh0OX_jv6cG16g,1
bipartita,UColMq7LmaoY3MT6aIDGrGvA,1
bipartita,UCozFYHN0e_-vlQbX3wQGOug,1
bipartita,UCp29O_C7cchZV8IxV7Crdag,1
bipartita,UCp4iw5_5SmV9VGTFSNVGOmQ,1
bipartita,UCpIdtvoFHVLGASGB5ySqIEA,1
bipartita,UCp_dAUfv8i3LW3zWc24dLaQ,1
bipartita,UCpe5jW3MIqkgTJ-PgkzvM6Q,1
bipartita,UCpl8rF8uv_8uui-QRvuJaRA,1
bipartita,UCplrIQtaPj6au60_f2-mOYw,1
bipartita,UCpsKOkt5iWTbenzeuq7dsmQ,3
bipartita,UCq3mDTTRZnUybct5M9OSXbg,1
bipartita,UCqCrvuoJpC-aVb0f4logQRQ,1
bipartita,UCqilIa8r7iek5sGYg_q6ofA,1
bipartita,UCql1n3Ey6ULMSOACjMe-fxQ,1
bipartita,UCr1emrogPKkKTs_WTtx71xg,1
bipartita,UCrJn_rbo_ENAdeqneS-RmRw,1
bipartita,UCrqXyRsg-_hTosURZ-uvoKg,1
bipartita,UCsGoJEvb-cFPZ2rWoJcXzEQ,1
bipartita,UCsJJAvrVGupdmhOqgtDp8dg,1
bipartita,UCsSXdJct-nsS8DsABoEsaYA,1
bipartita,UCsUCN0Yq_UyTvKjOJLmNrnQ,2
bipartita,UCs_5qeqdku9tGAq22y3OcuQ,1
bipartita,UCsjs5Hp_r86x1xbK6FAeqaA,1
bipartita,UCtCtts20bW6F9CSohau51Iw,1
bipartita,UCtMBF_1O2jY2INlb_luuB_A,1
bipartita,UCtNfIBnc5S5DbbQj_yxgJTw,1
bipartita,UCtNyHmRZtvGF2hSvI2dUBWw,1
bipartita,UCtUR3_CAiE7fCoZHM6cMfyQ,1
bipartita,UCtiHFjFu7d5v2XxHnKFUYig,1
bipartita,UCtowGNY2lnlg6O2CkwDgkLg,1
bipartita,UCtsxPYw8VUsH_FfnKg-0lmw,1
bipartita,UCu8_3-Wg-YzNyvHYQDEscfw,1
bipartita,UCuP4UK33HKtJE_S39ksmaTw,1
bipartita,UCuXmOjxC-htcprLgeVXz6Tg,1
bipartita,UCueV9cTyTDwgQSec1x2dYgA,1
bipartita,UCujPF2nBgsTD62nWE3lcpIg,1
bipartita,UCusjriFsDHEc2AOjqk-p5ig,1
bipartita,UCut6b9S98nv84cVX89PmKzA,1
bipartita,UCvApqeCbLod-wejtT4CcVuA,1
bipartita,UCvDwJBBY1mHK70aTEYl6rsA,1
bipartita,UCvcu1kR8xMYy_I1Ty-2mV2Q,3
bipartita,UCvl1tzQeBeGy6efPTRJXSCw,1
bipartita,UCwCfs-2zbD5k0lG-UVg_JBw,1
bipartita,UCwEe1RKlEv1UpNWmWYfSh4w,1
bipartita,UCwO2SXr0ggzwg6QWWrr01nQ,1
bipartita,UCwUAv3_LpWVtTIi7lkmTL7A,1
bipartita,UCwW2OFy95P7ZBkOPxWkpvYg,1
bipartita,UCwgCc9Jd_gG-uLE_SY-FfPg,1
bipartita,UCwha8rxULYMVtNwZWeSkE1A,1
bipartita,UCwjUvRseNtJoItylIyIez7Q,1
bipartita,UCwxoKK59nGCeBqB2sXfDBIw,1
bipartita,UCxKR3RA8T-kxMgq_2WWhRcQ,1
bipartita,UCxcoDvP-g2_KTZDmVZtvb3w,1
bipartita,UCxff05WuyvwELNITi7bj7UA,1
bipartita,UCxhtlxPV8AYWaNNyU6S9H8Q,1
bipartita,UCyJhqmMbsvjpoarBBStA2kg,1
bipartita,UCySYJU5kUh7X8gVt9la2ISA,1
bipartita,UCyW68EGZey4ao_Vf2cR5Ztg,1
bipartita,UCylqlpsh8ENNM1LqgQ1KbxA,2
bipartita,UCyor0Mmm0ivLX2jIdyGp84Q,1
bipartita,UCyzf29IYjNw67gGIfsjgtxA,1
bipartita,UCz3gu01bmjNv0DpRq-K3XYg,1
bipartita,UCzSfZlOVxBSs5ObD25ywxDQ,1
bipartita,UCzZ6dDCEsLMXbc5pCFXIprw,2
bipartita,UCzoL2l5H5eVlorWGH8AZfAg,1
bipartita,06mFNPU0aB8,13
bipartita,3Nfp9h5avBI,2
bipartita,6W4u8sGEnGM,32
bipartita,JkpVO1hx2f8,3
bipartita,OkXlHx0hx-8,18
bipartita,PjmxCj-a9Hg,19
bipartita,TT4qJ5FXHYE,4
bipartita,UhL9y3KUl8E,1
bipartita,WIUZtitfLRw,6
bipartita,X_FAIef8qlE,1
bipartita,b_Hkrkl3adA,7
bipartita,is3Mk5oC19g,7
bipartita,j43HgwYFKfk,49
bipartita,lj983NWyAQY,25
bipartita,n8iP75gIpmw,128
bipartita,ndAZjHqzzT8,10
bipartita,s0eco-BofOs,1
bipartita,yLZS3JiEBg8,16
bipartita,zweosulrwA8,1
autor-autor,UC-HeUTT6_g-VoiWds2a4H-w,31
autor-autor,UC-Iul5tDYH_oiAMXQH-KaaQ,31
autor-autor,UC-QOpE7GOxlXcHZ8b7HbQKA,17
autor-autor,UC-fiZBS5Gp1eCJd9ucgWnCg,48
autor-autor,UC-hfX8J5JPJ-dfuakzegMLA,127
autor-autor,UC-jS_kA9w-OmpupXDx156Rg,127
autor-autor,UC-pNP6RMFuLg_-x7Ah_0kEA,127
autor-autor,UC094EFEmMSdwVa8NQjjYBXg,6
autor-autor,UC0HvfEWozTHbwl_iEmJNvVA,31
autor-autor,UC0RpuMwkDKJYqgKHtsJRuWQ,24
autor-autor,UC0aEyakBPqcBkVJiErfSupQ,24
autor-autor,UC14qlobYKqD-DO0j6b75lcA,31
autor-autor,UC1DpqK6vaPEkBOMNvypsKYg,48
autor-autor,UC1NiEdJ7gk6FlDexIalWnGg,31
autor-autor,UC1WlJfQmaIskYhP4gmWoamw,17
autor-autor,UC1Y7x3h0c95Z8kUhi-Tzaeg,18
autor-autor,UC1vr9aaMI2crB0NvwFHUeoQ,127
autor-autor,UC2Y_EHWQKevubk4vOEBBFxw,127
autor-autor,UC2ngpd8UBQu4gcUYy0goAtg,12
autor-autor,UC2weSE8rpqkGMOp6StYtVfg,127
autor-autor,UC32oozucwCF3q8d4m8fyOUg,48
autor-autor,UC3E9mAgP7VoAE5mZoAexl5g,127
autor-autor,UC3MYTqpQqlWBuCB7Th0e0PA,127
autor-autor,UC3NMzdMYryaw82kPTnsaljg,127
autor-autor,UC3UVO7pTbeYvZ3ILEyRDskQ,48
autor-autor,UC3XTwHxygNCgjndsg-UiCQA,127
autor-autor,UC3YpzAr7pcdKC7BVFEpYzog,31
autor-autor,UC3iIU62XKUOWuqL8BqBzj9A,6
autor-autor,UC3qn1yJA5PeW9rkGPatQxiw,127
autor-autor,UC4Avya4kmR4Q0FrfFdBozSQ,48
autor-autor,UC4cXueR2bKGFJV0Fk76gwmA,127
autor-autor,UC4kg7zuTfqQKLd2bkZrSYBA,6
autor-autor,UC4wq3DcbfaG6dtCqn8Oyu3w,127
autor-autor,UC5H8ASmMC9WrURmzeB4ySog,127
autor-autor,UC5PrBbmUlQolwqmiru7yZhw,6
autor-autor,UC5PyGvSfFM--OVKmQ3COu6g,24
autor-autor,UC5bG9nc_JV3FsNP2KseQiYw,127
autor-autor,UC5fvhAfm89JH8eDFdvc0xYw,24
autor-autor,UC5hvEnRUzI4Kfvwnyi4QxqQ,48
autor-autor,UC5wuDq3U3vRAhOQI3D7gNdw,9
autor-autor,UC63tFvbQ_hJhGDi2nbjssjw,31
autor-autor,UC650pRT-OYzny3GwOH8Cgfw,127
autor-autor,UC6PvO1_k5lHKGdAPo5_C6TA,127
autor-autor,UC6Uj1FT5JjDSF8vudvDxPAA,48
autor-autor,UC6YSZqL0vEcI-niPKIMUGfw,127
autor-autor,UC6xI_MOaxajIWpoP8BH6E_Q,0
autor-autor,UC72gBAtyb_VXQlYDcFrh6oQ,127
autor-autor,UC7IMsCxfZyWN7YQo8-JYa6Q,18
autor-autor,UC7VUuJr9cGh845CmTvf7TlQ,127
autor-autor,UC7dadZG7kkGYnsNu6td0FbA,48
autor-autor,UC816IGbFCZinfYS1LRDaaHg,48
autor-autor,UC8F2V63KZ4ZEay6opX2hAQw,127
autor-autor,UC8G5cJONY8L9voMyBW8Eoug,127
autor-autor,UC8r11yOugM2NuRfitQOxLLg,127
autor-autor,UC8xlJWNHz1V_W6q3fbuQH8g,18
autor-autor,UC95PSMouTx2N5CbSq0hIyrQ,48
autor-autor,UC9Wp6vL5oCU37qC3Aj94WZA,6
autor-autor,UC9vMq1YF-e7C-VO0SHkbUTA,127
autor-autor,UC9xr9QvIcDvoZNUX5f-jaZw,127
autor-autor,UCA93ym2TXs_Ibyxb4Vcn-6Q,127
autor-autor,UCAKuKvcbfnBD3kF5njNu-IA,48
autor-autor,UCAV7QIjYhbDJaycQycM_0eQ,18
autor-autor,UCAlzM_N6xBlMYmM8EBzX86Q,127
autor-autor,UCAmtbUiIrUIhikru0ZoTFig,127
autor-autor,UCAxvOOHQk7dYPOajzFEVtbA,12
autor-autor,UCB5p8a5gklc80jJItP6xTHg,127
autor-autor,UCBlm80VQ4YoV3bUJR_XhkaQ,17
autor-autor,UCBtB5dIyx-C16UN8ClUD2UA,6
autor-autor,UCCBYcToQ2dwkd6TJh0FSyDg,48
autor-autor,UCCUmP4PlbwgikVFpYwbtRTg,15
autor-autor,UCCaYwkkbQGcvFoUmothVdQQ,127
autor-autor,UCDIMztpVm7G27qBuiWuT6oQ,127
autor-autor,UCDPWkUX3sNNaCx-m1dV4glA,127
autor-autor,UCDQaQv0hr2SS_PO-CMEwVHg,127
autor-autor,UCDUffaruH6dyUnUGwsTKpgg,127
autor-autor,UCDftMWXQoJ6nONfY7GVOVjg,127
autor-autor,UCDlr1VadSucIZgZ171pRBjQ,127
autor-autor,UCDrmf9y9nLgFY5wnA2hTuGA,48
autor-autor,UCEHXl4VvvVpq-_4xC5tsbhg,31
autor-autor,UCEgEQmRbtL5fwr9_DqAC--g,127
autor-autor,UCErZPJpHmLCsXs8ZWkAUupQ,127
autor-autor,UCFFrEmn6lPYiWyElpfzTy5Q,6
autor-autor,UCFOxCyF926Y9eHhMeVoWLzw,24
autor-autor,UCFUuDARXdmmIrLppEqf-rFg,127
autor-autor,UCFhxtoeARHPnXXPcDrOU3Xg,127
autor-autor,UCFjudnPLoaSL1BaRuLahyHg,127
autor-autor,UCFoIAE8k82D6AV-8gjjKaNg,127
autor-autor,UCFxE8GbokBrBsPEKM1xrOjQ,127
autor-autor,UCFybmWapGvBKcQod7cPPH9w,31
autor-autor,UCGGHbtfbbe0o68etrOf0qxw,48
autor-autor,UCGX_UbAQOXGZknv5iqklwTA,18
autor-autor,UCGZMgmM92E3njyXNe9-kjAQ,17
autor-autor,UCGj2v6Gl5bN8NSrzJMXS-CA,5
autor-autor,UCGm3gRBEHGRJYmtCryZLtDw,6
autor-autor,UCGqKxQS-z3NZzZF-2w338AA,24
autor-autor,UCGzXwyCzMzGmjmCbH3Hg01Q,127
autor-autor,UCHGd14aYuZZShLD73dkk6mg,2
autor-autor,UCHMQ_lDhibZ-XZ_3fo6oxwg,24
autor-autor,UCHTGCgY2l-DQJIvlA_cpa_Q,145
autor-autor,UCHbwIx9pmQuf7i-4_xO2EpA,48
autor-autor,UCHhHUjaMAZ8SiXdCUCj9DkQ,127
autor-autor,UCHu8x4MVkayU6VgwVKd--MQ,6
autor-autor,UCIUhbSCy3-SGRe5UtqM4fzQ,24
autor-autor,UCIXLDYqR_syskKRJy_x9W9Q,12
autor-autor,UCIgoiXdIKJyUGmUoH2Lxdzg,17
autor-autor,UCIp19h9igblA2YKfSLPDAug,24
autor-autor,UCJp3OrVYcBorC94sKwdch_A,9
autor-autor,UCJxJC56BSAX-ArD0NAb9qnQ,1
autor-autor,UCKDR0f2fu2UzWL8mBv5-BHw,127
autor-autor,UCKVzDUqbtdSMBcexaEtMmzQ,3
autor-autor,UCL13XhnRzbGokEkCkEOb0-g,127
autor-autor,UCL1MT278vSaQ83ZDkVWn1gw,127
autor-autor,UCLFdHr9BEbXHkoJopbEPLZw,127
autor-autor,UCLXYp1Cvc5DLtq5UQL5D9vw,12
autor-autor,UCLggDc_a5HriXv7I1h02sOA,127
autor-autor,UCLh1Kde4_vI1sTZBkTNP7RQ,6
autor-autor,UCN2N_wYOw6fMwCeSzdXLPIw,18
autor-autor,UCN6qbfPSzFtjhqUDZ3Cv3CQ,127
autor-autor,UCNBnKqWf4d-rS4HwJRQljmQ,127
autor-autor,UCNIeXbV_mEwpa412h1aqUWw,18
autor-autor,UCNiMNUJvaRJb0_QLClqwVnA,3
autor-autor,UCNkcuy42zEwddwEcOd_HpnA,127
autor-autor,UCNpt5CQlTzNjlAKY6CJtClQ,48
autor-autor,UCO0zwwLWGyDgQmWPJ5Qrr1w,12
autor-autor,UCOARn3hnfkB7-_Rwa8Hoqcw,5
autor-autor,UCOLGv5Pf6BF2wFcwUzgcvHg,127
autor-autor,UCOLHH4ZpMxPYF-Q6e6wvn5A,17
autor-autor,UCOS8ViEkccrTZx2w2ccxotA,127
autor-autor,UCOY3XpD9qMCRSA8AA8c4CAw,15
autor-autor,UCOcUI5XkTYNMSFhZNMIPpGg,48
autor-autor,UCOh6DaZC_x9HASnlRylEMfw,127
autor-autor,UCPLW0HE3siElqCgXfgWxMqg,0
autor-autor,UCPNXmbOBVeC4HS-xemvcPtQ,17
autor-autor,UCPZueDLrCS4BmTBRMA4q0fA,18
autor-autor,UCQIdKuZ-OzuFqy0KjGrgesg,2
autor-autor,UCQM2tCKRRytVDRxNUfCDqQQ,0
autor-autor,UCQMMuADgqWUOcJpLwHOzC-g,17
autor-autor,UCQ_-LPP8JAbfkc-b1Q6NvWw,127
autor-autor,UCQgYjVngJRfPHDLGB5X6ZjA,127
autor-autor,UCQqetiwzzmRNTM5OWuXarGQ,127
autor-autor,UCQqlPPUGqAfWjd-FSh_qn7Q,48
autor-autor,UCQtICyzWmhC5woCtbNgaSmg,127
autor-autor,UCQtSFINs1h6GHkpg9o5kMvg,127
autor-autor,UCQyOePccUP-fIJYzchAgZYw,48
autor-autor,UCRAquv8el-tQ30bN7MlmySQ,48
autor-autor,UCRETAiYdh2dL5ZxB0_N1zDA,127
autor-autor,UCRcSR3Lvn9DZAmJpVPANfZQ,24
autor-autor,UCRelkU8JiZBytTzebJxaa-w,127
autor-autor,UCRfkkatKrNtAARnXMMYBGlA,31
autor-autor,UCRlCV9zSn7avAWh-9_XFWqQ,127
autor-autor,UCRvPToDkkumha7WJAfCDk1A,48
autor-autor,UCRznz9-N3Qc1w-qNdLSIY2Q,24
autor-autor,UCSTAUWVc1_82DHYeqOsqEFA,24
autor-autor,UCSou6a2OuYGSvPjm5psquyA,127
autor-autor,UCTD6q1nyIe3Y7HhqjaMj72w,127
autor-autor,UCTP3O0rMnc8z8v8jaDQwL0w,127
autor-autor,UCTTILH6QCIxbTnEWxwRqs1g,15
autor-autor,UCThW2XNsAaBKme5PUt7n-Zg,127
autor-autor,UCTwSut16JyAg3mX6LVUNGqA,127
autor-autor,UCTylKrsqkrBKIqubMu_5N0Q,127
autor-autor,UCUIIIPTVDVHAXqhC_5V6lPA,127
autor-autor,UCUoYsrx1oZnCZ0usbBJn4fA,48
autor-autor,UCV0iizTBoOfdAFX_thfI9BA,127
autor-autor,UCV0lM03g5fg5pbPj97-sAtA,48
autor-autor,UCV3fr-YOixFKCZBbJP1-X4w,31
autor-autor,UCVC2QugcI1G4RvlCiUqd1aQ,9
autor-autor,UCVQf0tzL7xRzFJsABVVULpg,18
autor-autor,UCVdjCrh4tQoX3haNAZv-n5A,17
autor-autor,UCVhif9eV0f8plICen2DnpKA,5
autor-autor,UCW-JC6lebVmf2P1dmY_L94g,48
autor-autor,UCW80DaMjQlEUibC98Cot-Dg,48
autor-autor,UCWIZUtKJ636y-4TYrNvok0g,127
autor-autor,UCWWkebAekppaL5b5CNlppuw,2
autor-autor,UCWaRixDdpgllTBf4V0jPnKQ,31
autor-autor,UCWoAVGVqCn4xtINCMOTM4jg,48
autor-autor,UCWvntqPQx99k_Z_skWKqNSA,31
autor-autor,UCXN2s7DwTJm33xO-pNkAdaA,12
autor-autor,UCXO1BBohNWXkK9SBDAG2ySg,15
autor-autor,UCXSkL3ejZ8qWYyF_M7s_QKA,127
autor-autor,UCXVLc8CmAO813ubM-fLvCDw,15
autor-autor,UCXXh7yg5KUFIWylTiKVEFKQ,127
autor-autor,UCXgr7vXlRrsaskPdo097kGA,127
autor-autor,UCXl30Y_upRqbti52fmjK4YA,15
autor-autor,UCXmrpc6Li0spcKxtS0Q_ptg,24
autor-autor,UCXr8_5WtGeipe4haOoQDgyQ,127
autor-autor,UCY7Hq7F9Lnucf-Yr6JkHZNw,24
autor-autor,UCYN4wSQ1Sx4_LurxLlW7MPg,127
autor-autor,UCYwpX26TrCxq8TvbKGRYLXA,127
autor-autor,UCZ51R_9Q9C0c8I3pAWhtmjQ,127
autor-autor,UCZFQwqh90apuL8eFhvRBkUg,31
autor-autor,UCZIQnb1fkwe39Iw2TAu-bGA,5
autor-autor,UCZLG9qH0tUjNhEGFIUt0CYw,127
autor-autor,UCZOmq6MwFDVoCaEl99BRRaw,9
autor-autor,UCZeIIQrGAedW8tCbKWmGY-A,48
autor-autor,UCZjm6U576nX8WOiLhmMR3bw,17
autor-autor,UC_3xuTXvMIWU5MYP9HkJ3vQ,12
autor-autor,UC_6KbBY1bsYXz9fwFS0eQRg,9
autor-autor,UC_LYoGs5C3mbZKZuKuqYCvw,48
autor-autor,UC_NRVt2UP88ZNTwzrZ66JSg,0
autor-autor,UC_ljZ1hZXR9pzexFz87P5ZA,24
autor-autor,UCa36MjQLoPAmgJo-R3G8WQA,31
autor-autor,UCaKAjTW9MVub_clgr4DRYjQ,48
autor-autor,UCaT4saRcyqCLE657Rq2hhZQ,31
autor-autor,UCaT6M2zp7X6r6Whd8Vv3kHQ,24
autor-autor,UCat2qkYvqmtDNEmo2PVuhXw,17
autor-autor,UCbNanjFI51cwGqMAb2rOrBw,17
autor-autor,UCbYoNG5J3Au5BqtbXogfEFw,18
autor-autor,UCbrtvygfRT6QXqWDNrOf-cA,23
autor-autor,UCcFIBN-rtC3d3hXeuN5TfWw,15
autor-autor,UCc_F88PzGWtA1OPNUEASulA,15
autor-autor,UCcfdg8crmMJwEuLUsAhV7yg,127
autor-autor,UCdFlugHJJa4l3YqWuNRmvXw,54
autor-autor,UCdQAuWwyC99MB7Y02Umj26Q,15
autor-autor,UCe8JZoYkX5oKUZyivHYdXhw,48
autor-autor,UCeDNEtI8_a42bZ47wJiJMwQ,48
autor-autor,UCeQk-WfEA-cJRq4EKeE7TOw,31
autor-autor,UCefAH1MbvADWUjE9WVcB9EQ,15
autor-autor,UCf5lnNZF7Qrtli9v4N_23WQ,18
autor-autor,UCfM3nrxtTQMY5jFx1v1J4Gg,127
autor-autor,UCfRqgt2O-vjzUDMZY_tnxQw,6
autor-autor,UCfXykdbSU97rj987LDUGfvg,12
autor-autor,UCfjhejO7LZy4doXURa7LZCQ,12
autor-autor,UCfo_yUPzy1f1POwwZxhZ06Q,31
autor-autor,UCg3eIfd7BrsLEqS0BLkftHA,18
autor-autor,UCgGqw4aqMdMVSGkKiMgrJRQ,31
autor-autor,UCgJNFj5dnxXpcMvmuhZDPxA,48
autor-autor,UCgLrWFdYitoP-b7-PxtUr-w,24
autor-autor,UCgLurCo-e019HGODcjXHWCw,24
autor-autor,UCgQJgI9vu1FI2dnC9mrFthw,18
autor-autor,UCgQw_Sbq3ugruDUKsq1e0-A,48
autor-autor,UCgvw7xIdGFupzpt1Y_BFkEA,127
autor-autor,UCh5ESQvtzyHDhCA7XyekCFA,127
autor-autor,UChT7pzGytNd92Nmvi-zuWog,15
autor-autor,UChZknRmJkeGeQk0-mQuhDOg,127
autor-autor,UCheEJ5GZuIvV0fj-nXyVwXw,31
autor-autor,UChep9kVb5gQmpodEEl10Xlg,127
autor-autor,UChgkn5Jt5tWKYMoEOuCjz3Q,127
autor-autor,UChs3tU2BcKOT0CezykvAsGw,127
autor-autor,UChyps3dqY-VY1_wLeq-2lhw,31
autor-autor,UCi-vPdnpQreC7BkFs40mJGA,24
autor-autor,UCi1b_TRQfgO1Z9O2gNGGWNA,127
autor-autor,UCi2KiZq63sRq8Mfbcp-MelQ,17
autor-autor,UCiC-Jn7wdgyQV4_Urk0DkWQ,48
autor-autor,UCiGRBf2RNF0WRKhRVT7zFoA,127
autor-autor,UCiMythXHsw7eQEMykCdmMUA,127
autor-autor,UCiOZX__1gahg1ypIj0_XG_w,31
autor-autor,UCipetjeiWj4CZB6EbyYziZg,127
autor-autor,UCj-LL25XJnjxepPKCc3NGog,127
autor-autor,UCjJf-AJKRFFWtiN-CSwkDmA,9
autor-autor,UCjSKM9j0Q7HLDr1hD6D-TUw,127
autor-autor,UCjZgFEowMBrsjodqfovzdKw,43
autor-autor,UCjmPuazZJzscrwvk0QR9RVw,127
autor-autor,UCk4O-J1BhoqPmig1KLGJePA,6
autor-autor,UCkVtmkK07b2zaVVNssX4lOg,48
autor-autor,UCkbsS_3D-pvg1iHOld9uvIg,48
autor-autor,UCkd9W714-947dEE6ZOEBATA,127
autor-autor,UCkxdJ_yGN2gghOMo2ybQtXQ,15
autor-autor,UCl0ekS9Tt0jJGtOEM18S63w,127
autor-autor,UCld2stqxaVSk0QdGncM224A,3
autor-autor,UClhMWQ7XKWywYvbRnuf8QsA,48
autor-autor,UCljDbleJul41G1TzOjOZAVA,127
autor-autor,UClqA491Xa5fQcXcJJa-vTWw,48
autor-autor,UClsrFGJKWPxxw7MiaEdKLXw,18
autor-autor,UCmjppp6ujz3SAnULvP3sZMw,127
autor-autor,UCmvOgzmmXbjUthHy-WJ52hQ,127
autor-autor,UCnU8wO1OurAmGstDw6VGjgQ,9
autor-autor,UCoGdCoJg2Lh0OX_jv6cG16g,31
autor-autor,UColMq7LmaoY3MT6aIDGrGvA,48
autor-autor,UCozFYHN0e_-vlQbX3wQGOug,17
autor-autor,UCp29O_C7cchZV8IxV7Crdag,31
autor-autor,UCp4iw5_5SmV9VGTFSNVGOmQ,127
autor-autor,UCpIdtvoFHVLGASGB5ySqIEA,127
autor-autor,UCp_dAUfv8i3LW3zWc24dLaQ,17
autor-autor,UCpe5jW3MIqkgTJ-PgkzvM6Q,48
autor-autor,UCpl8rF8uv_8uui-QRvuJaRA,127
autor-autor,UCplrIQtaPj6au60_f2-mOYw,127
autor-autor,UCpsKOkt5iWTbenzeuq7dsmQ,183
autor-autor,UCq3mDTTRZnUybct5M9OSXbg,12
autor-autor,UCqCrvuoJpC-aVb0f4logQRQ,48
autor-autor,UCqilIa8r7iek5sGYg_q6ofA,24
autor-autor,UCql1n3Ey6ULMSOACjMe-fxQ,31
autor-autor,UCr1emrogPKkKTs_WTtx71xg,127
autor-autor,UCrJn_rbo_ENAdeqneS-RmRw,127
autor-autor,UCrqXyRsg-_hTosURZ-uvoKg,17
autor-autor,UCsGoJEvb-cFPZ2rWoJcXzEQ,48
autor-autor,UCsJJAvrVGupdmhOqgtDp8dg,127
autor-autor,UCsSXdJct-nsS8DsABoEsaYA,127
autor-autor,UCsUCN0Yq_UyTvKjOJLmNrnQ,133
autor-autor,UCs_5qeqdku9tGAq22y3OcuQ,24
autor-autor,UCsjs5Hp_r86x1xbK6FAeqaA,127
autor-autor,UCtCtts20bW6F9CSohau51Iw,31
autor-autor,UCtMBF_1O2jY2INlb_luuB_A,24
autor-autor,UCtNfIBnc5S5DbbQj_yxgJTw,127
autor-autor,UCtNyHmRZtvGF2hSvI2dUBWw,18
autor-autor,UCtUR3_CAiE7fCoZHM6cMfyQ,127
autor-autor,UCtiHFjFu7d5v2XxHnKFUYig,17
autor-autor,UCtowGNY2lnlg6O2CkwDgkLg,3
autor-autor,UCtsxPYw8VUsH_FfnKg-0lmw,31
autor-autor,UCu8_3-Wg-YzNyvHYQDEscfw,48
autor-autor,UCuP4UK33HKtJE_S39ksmaTw,18
autor-autor,UCuXmOjxC-htcprLgeVXz6Tg,48
autor-autor,UCueV9cTyTDwgQSec1x2dYgA,127
autor-autor,UCujPF2nBgsTD62nWE3lcpIg,127
autor-autor,UCusjriFsDHEc2AOjqk-p5ig,18
autor-autor,UCut6b9S98nv84cVX89PmKzA,127
autor-autor,UCvApqeCbLod-wejtT4CcVuA,127
autor-autor,UCvDwJBBY1mHK70aTEYl6rsA,31
autor-autor,UCvcu1kR8xMYy_I1Ty-2mV2Q,28
autor-autor,UCvl1tzQeBeGy6efPTRJXSCw,12
autor-autor,UCwCfs-2zbD5k0lG-UVg_JBw,12
autor-autor,UCwEe1RKlEv1UpNWmWYfSh4w,15
autor-autor,UCwO2SXr0ggzwg6QWWrr01nQ,127
autor-autor,UCwUAv3_LpWVtTIi7lkmTL7A,24
autor-autor,UCwW2OFy95P7ZBkOPxWkpvYg,127
autor-autor,UCwgCc9Jd_gG-uLE_SY-FfPg,48
autor-autor,UCwha8rxULYMVtNwZWeSkE1A,127
autor-autor,UCwjUvRseNtJoItylIyIez7Q,48
autor-autor,UCwxoKK59nGCeBqB2sXfDBIw,31
autor-autor,UCxKR3RA8T-kxMgq_2WWhRcQ,24
autor-autor,UCxcoDvP-g2_KTZDmVZtvb3w,15
autor-autor,UCxff05WuyvwELNITi7bj7UA,127
autor-autor,UCxhtlxPV8AYWaNNyU6S9H8Q,17
autor-autor,UCyJhqmMbsvjpoarBBStA2kg,31
autor-autor,UCySYJU5kUh7X8gVt9la2ISA,127
autor-autor,UCyW68EGZey4ao_Vf2cR5Ztg,5
autor-autor,UCylqlpsh8ENNM1LqgQ1KbxA,174
autor-autor,UCyor0Mmm0ivLX2jIdyGp84Q,1
autor-autor,UCyzf29IYjNw67gGIfsjgtxA,24
autor-autor,UCz3gu01bmjNv0DpRq-K3XYg,127
autor-autor,UCzSfZlOVxBSs5ObD25ywxDQ,127
autor-autor,UCzZ6dDCEsLMXbc5pCFXIprw,49
autor-autor,UCzoL2l5H5eVlorWGH8AZfAg,127
video-video,06mFNPU0aB8,1
video-video,3Nfp9h5avBI,0
video-video,6W4u8sGEnGM,2
video-video,JkpVO1hx2f8,0
video-video,OkXlHx0hx-8,0
video-video,PjmxCj-a9Hg,2
video-video,TT4qJ5FXHYE,0
video-video,UhL9y3KUl8E,0
video-video,WIUZtitfLRw,2
video-video,X_FAIef8qlE,0
video-video,b_Hkrkl3adA,1
video-video,is3Mk5oC19g,1
video-video,j43HgwYFKfk,3
video-video,lj983NWyAQY,0
video-video,n8iP75gIpmw,4
video-video,ndAZjHqzzT8,4
video-video,s0eco-BofOs,0
video-video,yLZS3JiEBg8,2
video-video,zweosulrwA8,0
